old_site,new_site
/articles/article/the-young-beauty-and-the-billionaire,/the-young-beauty-and-the-billionaire/
/articles/article/the-quiet-renaissance-in-male-culture,/the-quiet-renaissance-in-male-culture/
/articles/article/a-role-model-no-thanks,/a-role-model-no-thanks/
/articles/article/lets-look-at-the-system-not-what-we-do-in-bed,/lets-look-at-the-system-not-what-we-do-in-bed/
/articles/article/the-first-cut,/the-first-cut/
/articles/article/why-men-hold-the-key-to-the-new-feminism,/why-men-hold-the-key-to-the-new-feminism/
/articles/article/women-are-being-ripped-off-but-not-by-feminism,/women-are-being-ripped-off-but-not-by-feminism/
/articles/article/labors-man-of-the-50s,/labors-man-of-the-50s/
/articles/article/why-women-need-a-workplace-revolution,/why-women-need-a-workplace-revolution/
/articles/article/good-parents-or-good-citizens,/good-parents-or-good-citizens/
/articles/article/australians-battle-over-definition-of-fatherhood,/australians-battle-over-definition-of-fatherhood/
/articles/article/will-making-women-equal-change-anything,/will-making-women-equal-change-anything/
/articles/article/for-the-love-of-jeff,/for-the-love-of-jeff/
/articles/article/when-more-choice-means-less-freedom,/when-more-choice-means-less-freedom/
/articles/article/raising-a-brood-of-ivf-commodities,/raising-a-brood-of-ivf-commodities/
/articles/article/the-anti-choicers-real-target-is-women,/the-anti-choicers-real-target-is-women/
/articles/article/charity-begins-at-home-morally-speaking,/charity-begins-at-home-morally-speaking/
/articles/article/identity-deficit-disorder-its-so-you,/identity-deficit-disorder-its-so-you/
/articles/article/the-bully-and-the-bullied-chapter-and-verse-i-confess-i-was-cruel-in-school,/the-bully-and-the-bullied-chapter-and-verse-i-confess-i-was-cruel-in-school/
/articles/article/do-nice-guys-finish-last,/do-nice-guys-finish-last/
/articles/article/school-hours-did-feminism-drop-the-ball,/school-hours-did-feminism-drop-the-ball/
/articles/article/bottoms-up-sister,/bottoms-up-sister/
/articles/article/the-population-debate-we-have-to-have,/the-population-debate-we-have-to-have/
/articles/article/calling-all-single-childless-women,/calling-all-single-childless-women/
/articles/article/its-his-baby-too-give-him-paid-leave,/its-his-baby-too-give-him-paid-leave/
/articles/article/an-interminable-debate,/an-interminable-debate/
/articles/article/it-didnt-start-with-a-kiss,/it-didnt-start-with-a-kiss/
/articles/article/a-mothers-birthright,/a-mothers-birthright/
/articles/article/best-yes-but-for-whom,/best-yes-but-for-whom/
/articles/article/the-horrible-dilemma-of-the-pregnant-woman,/the-horrible-dilemma-of-the-pregnant-woman/
/articles/article/child-care-dinosaurs-time-is-past,/child-care-dinosaurs-time-is-past/
/articles/article/the-disappearing-father,/the-disappearing-father/
/articles/article/staying-mums-a-cop-out,/staying-mums-a-cop-out/
/articles/article/street-prostitution-in-st-kilda,/street-prostitution-in-st-kilda/
/articles/article/book-review-the-end-of-equality-work-babies-and-womens-choices-in-21st-century-australia,/book-review-the-end-of-equality-work-babies-and-womens-choices-in-21st-century-australia/
/articles/article/fathers-look-after-their-children-but-seek-more-thrills-for-them,/fathers-look-after-their-children-but-seek-more-thrills-for-them/
/articles/article/deadly-price-of-decency,/deadly-price-of-decency/
/articles/article/a-pregnant-pause-for-waiters-and-watchers,/a-pregnant-pause-for-waiters-and-watchers/
/articles/article/abortion-critics-deny-the-complexity-of-choice,/abortion-critics-deny-the-complexity-of-choice/
/articles/article/book-review-night-thoughts-in-a-time-of-war-bob-ellis,/book-review-night-thoughts-in-a-time-of-war-bob-ellis/
/articles/article/why-are-young-women-welcoming-the-return-of-the-bunny,/why-are-young-women-welcoming-the-return-of-the-bunny/
/articles/article/in-search-of-the-gorgeous-aussie-bloke,/in-search-of-the-gorgeous-aussie-bloke/
/articles/article/the-bald-facts,/the-bald-facts/
/articles/article/put-an-end-to-abortion-whispers,/put-an-end-to-abortion-whispers/
/articles/article/book-review-motherguilt-australian-women-reveal-their-true-feelings-about-motherhood,/book-review-motherguilt-australian-women-reveal-their-true-feelings-about-motherhood/
/articles/article/choice-what-choice,/choice-what-choice/
/articles/article/after-the-dna-will-abbott-get-a-reality-check,/after-the-dna-will-abbott-get-a-reality-check/
/articles/article/book-review-the-catch,/book-review-the-catch/
/articles/article/school-holidays-give-us-a-break,/school-holidays-give-us-a-break/
/articles/article/book-review-the-moral-of-the-story-an-anthology-of-ethics-through-literature,/book-review-the-moral-of-the-story-an-anthology-of-ethics-through-literature/
/articles/article/sex-and-the-teacher-was-justice-done,/sex-and-the-teacher-was-justice-done/
/articles/article/why-we-will-resolve-the-conflict-between-work-and-family,/why-we-will-resolve-the-conflict-between-work-and-family/
/articles/article/madness-in-the-method,/madness-in-the-method/
/articles/article/book-review-wonder-woman,/book-review-wonder-woman/
/articles/article/popular-yes-but-is-it-moral,/popular-yes-but-is-it-moral/
/articles/article/book-review-male-trouble-looking-at-australian-masculinities,/book-review-male-trouble-looking-at-australian-masculinities/
/articles/article/to-publish-or-to-e-publish,/to-publish-or-to-e-publish/
/articles/article/zealotry-trumps-humanity-in-pursuit-of-dubious-cause,/zealotry-trumps-humanity-in-pursuit-of-dubious-cause/
/articles/article/book-review-after-the-party-jesse-blackadder,/book-review-after-the-party-jesse-blackadder/
/articles/article/abortion-case-could-set-an-ugly-precedent,/abortion-case-could-set-an-ugly-precedent/
/articles/article/the-sins-of-scholarship,/the-sins-of-scholarship/
/articles/article/book-review-call-me-elizabeth-and-callgirl,/book-review-call-me-elizabeth-and-callgirl/
/articles/article/senators-choices-could-mean-none-for-women,/senators-choices-could-mean-none-for-women/
/articles/article/paternity-fraud-or-paternal-discrepancy,/paternity-fraud-or-paternal-discrepancy/
/articles/article/book-review-motherhood-how-should-we-care-for-our-children-moving-beyond-the-motherwars-changing-the-way-we-see-and-act,/book-review-motherhood-how-should-we-care-for-our-children-moving-beyond-the-motherwars-changing-the-way-we-see-and-act/
/articles/article/note-to-the-pm-politics-dont-belong-in-medicine,/note-to-the-pm-politics-dont-belong-in-medicine/
/articles/article/lift-the-ban-on-ru486,/lift-the-ban-on-ru486/
/articles/article/to-ru486-or-not-to-ru486,/to-ru486-or-not-to-ru486/
/articles/article/ru486-mifepristone-a-factual-guide-to-the-issues-in-the-australian-debate,/ru486-mifepristone-a-factual-guide-to-the-issues-in-the-australian-debate/
/articles/article/letters-page-the-australian-ru486,/letters-page-the-australian-ru486/
/articles/article/the-ru486-debate-death-by-amendment,/the-ru486-debate-death-by-amendment/
/articles/article/women-need-counselling-not-coercion,/women-need-counselling-not-coercion/
/articles/article/to-tell-or-not-to-tell,/to-tell-or-not-to-tell/
/articles/article/abortion-corruption-cops-the-bertram-wainer-story,/abortion-corruption-cops-the-bertram-wainer-story/
/articles/article/lets-keep-the-counsellors-honest-and-true,/lets-keep-the-counsellors-honest-and-true/
/articles/article/full-disclosure-for-pregnancy-counselling-services,/full-disclosure-for-pregnancy-counselling-services/
/articles/article/time-to-break-the-news-to-your-children,/time-to-break-the-news-to-your-children/
/articles/article/stem-cell-dilemma,/stem-cell-dilemma/
/articles/article/living-in-the-public-eye-means-living-under-public-judgement,/living-in-the-public-eye-means-living-under-public-judgement/
/articles/article/victims-of-a-lost-puritanism,/victims-of-a-lost-puritanism/
/articles/article/positive-family-planning-letter,/positive-family-planning-letter/
/articles/article/accusers-abusers-and-excusers-the-dreyfus-affair-revisited,/accusers-abusers-and-excusers-the-dreyfus-affair-revisited/
/articles/article/rewind,/rewind/
/articles/article/does-yes-still-mean-yes-and-no-mean-no,/does-yes-still-mean-yes-and-no-mean-no/
/articles/article/stem-cell-d-day,/stem-cell-d-day/
/articles/article/the-net-brings-you-the-world-but-not-necessarily-the-facts,/the-net-brings-you-the-world-but-not-necessarily-the-facts/
/articles/article/contemporary-callenges-to-womens-freedom-to-choose,/contemporary-callenges-to-womens-freedom-to-choose/
/articles/article/transparency-in-advertising,/transparency-in-advertising/
/articles/article/abbott-playing-fast-and-loose-with-the-truth,/abbott-playing-fast-and-loose-with-the-truth/
/articles/article/implications-of-dr-suman-sood-conviction-for-unlawful-abortion,/implications-of-dr-suman-sood-conviction-for-unlawful-abortion/
/articles/article/steve-irwin-why-we-admired-the-boy-who-wouldnt-grow-up,/steve-irwin-why-we-admired-the-boy-who-wouldnt-grow-up/
/articles/article/burlesque-evokes-a-repressive-past-not-a-liberating-present,/burlesque-evokes-a-repressive-past-not-a-liberating-present/
/articles/article/legal-safeguards-can-make-euthanasia-a-legitimate-option,/legal-safeguards-can-make-euthanasia-a-legitimate-option/
/articles/article/multiculturalism-and-feminism-do-they-mix,/multiculturalism-and-feminism-do-they-mix/
/articles/article/no-sister-feminism-is-not-about-choice,/no-sister-feminism-is-not-about-choice/
/articles/article/there-shouldnt-be-one-law-for-religions-another-for-the-rest,/there-shouldnt-be-one-law-for-religions-another-for-the-rest/
/articles/article/beslans-terrorists-show-the-dark-side-of-human-emotions,/beslans-terrorists-show-the-dark-side-of-human-emotions/
/articles/article/progressive-social-movements-is-the-end-nigh,/progressive-social-movements-is-the-end-nigh/
/articles/article/misconceptions-in-the-blame-cycle,/misconceptions-in-the-blame-cycle/
/articles/article/much-remains-confused-about-men-women-sex-and-power,/much-remains-confused-about-men-women-sex-and-power/
/articles/article/it-matters-who-you-are-and-where-you-come-from,/it-matters-who-you-are-and-where-you-come-from/
/articles/article/the-difference-between-a-slut-and-a-stud,/the-difference-between-a-slut-and-a-stud/
/articles/article/women-can-still-say-no,/women-can-still-say-no/
/articles/article/beyond-the-yuk-factor,/beyond-the-yuk-factor/
/articles/article/the-kovco-case-mothers-grief-real-and-so-are-her-questions,/the-kovco-case-mothers-grief-real-and-so-are-her-questions/
/articles/article/voting-above-the-line,/voting-above-the-line/
/articles/article/are-fathers-parents-or-progenitors,/are-fathers-parents-or-progenitors/
/articles/article/do-blogs-spell-the-end-of-moderated-opinion,/do-blogs-spell-the-end-of-moderated-opinion/
/articles/article/on-the-blogosphere,/on-the-blogosphere/
/articles/article/do-we-want-to-help-overweight-kids-or-insult-them,/do-we-want-to-help-overweight-kids-or-insult-them/
/articles/article/on-changing-the-way-we-deal-with-child-obesity,/on-changing-the-way-we-deal-with-child-obesity/
/articles/article/privacy-should-be-our-choice,/privacy-should-be-our-choice/
/articles/article/let-us-decide-for-ourselves-on-euthanasia,/let-us-decide-for-ourselves-on-euthanasia/
/articles/article/leslie-talks-about-the-ethics-of-sex-selection-on-abc-radio-nationals-pm,/leslie-talks-about-the-ethics-of-sex-selection-on-abc-radio-nationals-pm/
/articles/article/there-is-a-case-for-staying-the-course,/there-is-a-case-for-staying-the-course/
/articles/article/catch-leslie-on-the-catch-up-online,/catch-leslie-on-the-catch-up-online/
/articles/article/the-magill-children-finally-speak,/the-magill-children-finally-speak/
/articles/article/safe-sex-means-just-that,/safe-sex-means-just-that/
/articles/article/what-is-so-wrong-with-having-truthful-advertising,/what-is-so-wrong-with-having-truthful-advertising/
/articles/article/australian-governments-pregnancy-helpline-help-or-hindrance,/australian-governments-pregnancy-helpline-help-or-hindrance/
/articles/article/catch-leslie-on-the-catch-up-online1,/catch-leslie-on-the-catch-up-online1/
/articles/article/there-is-racism-and-then-there-is-the-glory-of-multiculturalism,/there-is-racism-and-then-there-is-the-glory-of-multiculturalism/
/articles/article/high-price-to-be-paid-if-abortion-reform-bid-fails,/high-price-to-be-paid-if-abortion-reform-bid-fails/
/articles/article/support-and-respect-gives-ivf-parents-time-to-tell,/support-and-respect-gives-ivf-parents-time-to-tell/
/articles/article/does-she-or-doesnt-she-and-why-does-she-always-lie,/does-she-or-doesnt-she-and-why-does-she-always-lie/
/articles/article/balancing-public-interest-and-the-right-to-privacy,/balancing-public-interest-and-the-right-to-privacy/
/articles/article/prevention-is-one-thing-but-take-care-with-the-cure,/prevention-is-one-thing-but-take-care-with-the-cure/
/articles/article/laws-on-sex-work-must-be-framed-to-protect-womens-choice,/laws-on-sex-work-must-be-framed-to-protect-womens-choice/
/articles/article/book-review-in-viro-fertility-goddess-by-jodi-panayotov,/book-review-in-viro-fertility-goddess-by-jodi-panayotov/
/articles/article/i-feel-guilty-my-son-is-at-public-school,/i-feel-guilty-my-son-is-at-public-school/
/articles/article/education-is-not-about-being-a-good-or-bad-parent-its-about-the-children,/education-is-not-about-being-a-good-or-bad-parent-its-about-the-children/
/articles/article/a-man-worth-emulating,/a-man-worth-emulating/
/articles/article/the-futility-of-treatment-who-decides,/the-futility-of-treatment-who-decides/
/articles/article/insults-deter-quality-debate,/insults-deter-quality-debate/
/articles/article/look-at-yourself-before-its-too-late,/look-at-yourself-before-its-too-late/
/articles/article/one-size-fits-all-marriage-model-fails-to-bind,/one-size-fits-all-marriage-model-fails-to-bind/
/articles/article/breastfeeding-differing-advice-flows-oh-so-freely,/breastfeeding-differing-advice-flows-oh-so-freely/
/articles/article/education-ethics-bigger-than-public-versus-private,/education-ethics-bigger-than-public-versus-private/
/articles/article/lets-get-rid-of-the-cloak-and-dagger,/lets-get-rid-of-the-cloak-and-dagger/
/articles/article/full-disclosure-necessary-in-abortion-law,/full-disclosure-necessary-in-abortion-law/
/articles/article/shameful-apology-proves-sorry-shame,/shameful-apology-proves-sorry-shame/
/articles/article/women-vote-for-yourselves-no-one-else-will,/women-vote-for-yourselves-no-one-else-will/
/articles/article/threat-to-choice-leaves-bitter-taste-in-gm-debate,/threat-to-choice-leaves-bitter-taste-in-gm-debate/
/articles/article/stand-up-and-shoulder-the-consequences,/stand-up-and-shoulder-the-consequences/
/articles/article/in-death-we-dont-part-from-our-obligations,/in-death-we-dont-part-from-our-obligations/
/articles/article/stripped-bare-spitzer-affair-raises-big-question,/stripped-bare-spitzer-affair-raises-big-question/
/articles/article/why-parents-try-to-avoid-the-pain-of-loving-a-sick-child,/why-parents-try-to-avoid-the-pain-of-loving-a-sick-child/
/articles/article/cash-is-always-the-currency-of-loves-labours-lost,/cash-is-always-the-currency-of-loves-labours-lost/
/articles/article/we-may-yet-avoid-frying-from-global-warming,/we-may-yet-avoid-frying-from-global-warming/
/articles/article/there-is-an-art-to-breaking-bad-news-to-children,/there-is-an-art-to-breaking-bad-news-to-children/
/articles/article/at-50-the-material-girl-is-not-to-be-pitied,/at-50-the-material-girl-is-not-to-be-pitied/
/articles/article/the-dubious-morality-of-women,/the-dubious-morality-of-women/
/articles/article/what-we-dont-know-can-hurt-us-all,/what-we-dont-know-can-hurt-us-all/
/articles/article/why-parental-leave-is-a-moral-issue,/why-parental-leave-is-a-moral-issue/
/articles/article/we-thirst-for-justice-but-beware-the-unforgiven,/we-thirst-for-justice-but-beware-the-unforgiven/
/articles/article/the-bill-henson-affair-shame-on-adults-for-paranoia-over-adolescence,/the-bill-henson-affair-shame-on-adults-for-paranoia-over-adolescence/
/articles/article/feel-good-do-good-the-merry-makers,/feel-good-do-good-the-merry-makers/
/articles/article/hating-gays-is-a-choice-not-a-biblical-dictate,/hating-gays-is-a-choice-not-a-biblical-dictate/
/articles/article/womb-watching-while-rome-burns,/womb-watching-while-rome-burns/
/articles/article/dont-trust-politicians-with-your-human-rights,/dont-trust-politicians-with-your-human-rights/
/articles/article/fairttrade-is-fair-enough,/fairttrade-is-fair-enough/
/articles/article/teaching-our-kids-the-difference-between-science-and-faith,/teaching-our-kids-the-difference-between-science-and-faith/
/articles/article/hey-girls-be-ladies-and-enslave-yourself-to-men,/hey-girls-be-ladies-and-enslave-yourself-to-men/
/articles/article/ethical-carnivores-care-for-animals-too,/ethical-carnivores-care-for-animals-too/
/articles/article/men-abortion-and-the-sin-of-moral-arrogance,/men-abortion-and-the-sin-of-moral-arrogance/
/articles/article/beware-its-a-bitter-pill-we-swallow,/beware-its-a-bitter-pill-we-swallow/
/articles/article/heavy-cross-to-bear-for-gay-donors,/heavy-cross-to-bear-for-gay-donors/
/articles/article/conscience-votes-entail-responsibilities-not-just-rights,/conscience-votes-entail-responsibilities-not-just-rights/
/articles/article/pms-cheap-answer-to-school-problems,/pms-cheap-answer-to-school-problems/
/articles/article/conscience-rights-must-be-a-two-way-street,/conscience-rights-must-be-a-two-way-street/
/articles/article/whose-time-is-it-anyway-peter,/whose-time-is-it-anyway-peter/
/articles/article/domestic-violence-is-a-two-way-street,/domestic-violence-is-a-two-way-street/
/articles/article/the-bill-henson-debate-looking-after-our-children-without-hysteria,/the-bill-henson-debate-looking-after-our-children-without-hysteria/
/articles/article/to-make-a-difference-stay-dont-go,/to-make-a-difference-stay-dont-go/
/articles/article/grace-a-measure-of-our-moral-fibre,/grace-a-measure-of-our-moral-fibre/
/articles/article/organ-donation-can-pose-a-conflict-of-interest,/organ-donation-can-pose-a-conflict-of-interest/
/articles/article/church-and-state-should-be-separate,/church-and-state-should-be-separate/
/articles/article/leslie-debates-abortion-on-sbs-radio,/leslie-debates-abortion-on-sbs-radio/
/articles/article/climate-change-its-about-the-economy-stupid,/climate-change-its-about-the-economy-stupid/
/articles/article/breaking-the-glass-ceiling-of-courage,/breaking-the-glass-ceiling-of-courage/
/articles/article/beyond-the-nuclear-family,/beyond-the-nuclear-family/
/articles/article/dumpers-and-martyrs-and-none-of-us-saints,/dumpers-and-martyrs-and-none-of-us-saints/
/articles/article/leslie-talks-abortion-rights,/leslie-talks-abortion-rights/
/articles/article/let-women-speak-for-themselves,/let-women-speak-for-themselves/
/articles/article/should-we-let-the-gene-out-of-the-bottle,/should-we-let-the-gene-out-of-the-bottle/
/articles/article/torturing-others-does-most-harm-to-us,/torturing-others-does-most-harm-to-us/
/articles/article/lars-and-the-real-girl-show-us-the-way,/lars-and-the-real-girl-show-us-the-way/
/articles/article/womens-forum-australia-is-faking-it,/womens-forum-australia-is-faking-it/
/articles/article/natural-earth-burials-should-our-last-decision-be-environmental,/natural-earth-burials-should-our-last-decision-be-environmental/
/articles/article/alls-fair-in-the-battle-of-ideas,/alls-fair-in-the-battle-of-ideas/
/articles/article/why-we-must-sometimes-refuse-to-help,/why-we-must-sometimes-refuse-to-help/
/articles/article/whats-wrong-with-adults-paying-for-sex,/whats-wrong-with-adults-paying-for-sex/
/articles/article/should-we-play-big-brother-with-our-kids,/should-we-play-big-brother-with-our-kids/
/articles/article/global-gag-leaves-blood-on-our-hands,/global-gag-leaves-blood-on-our-hands/
/articles/article/this-valentines-week-a-few-thoughts-about-love,/this-valentines-week-a-few-thoughts-about-love/
/articles/article/womens-rights-dont-make-me-laugh,/womens-rights-dont-make-me-laugh/
/articles/article/read-leslies-expert-comments-on-modern-contraception-in-the-sunday-age,/read-leslies-expert-comments-on-modern-contraception-in-the-sunday-age/
/articles/article/ethics-in-a-time-of-media,/ethics-in-a-time-of-media/
/articles/article/give-us-better-biking-infrastructure-please,/give-us-better-biking-infrastructure-please/
/articles/article/in-the-afl-and-nrl-booze-no-excuse-for-sexual-assault,/in-the-afl-and-nrl-booze-no-excuse-for-sexual-assault/
/articles/article/stop-conroys-great-australian-firewall,/stop-conroys-great-australian-firewall/
/articles/article/parallel-imports-and-copy-wrongs,/parallel-imports-and-copy-wrongs/
/articles/article/private-school-public-shame,/private-school-public-shame/
/articles/article/a-welcome-shift-to-the-political-middle-ground,/a-welcome-shift-to-the-political-middle-ground/
/articles/article/collaboration-takes-sting-out-of-separation-and-divorce,/collaboration-takes-sting-out-of-separation-and-divorce/
/articles/article/we-need-a-population-policy-debate,/we-need-a-population-policy-debate/
/articles/article/we-must-respect-the-wrong-decision,/we-must-respect-the-wrong-decision/
/articles/article/stand-firm-against-race-to-the-bottom,/stand-firm-against-race-to-the-bottom/
/articles/article/sex-test-engenders-a-skewed-reality,/sex-test-engenders-a-skewed-reality/
/articles/article/sexual-freedom-wont-spare-you-regret,/sexual-freedom-wont-spare-you-regret/
/articles/article/youre-off-to-a-party-its-no-laughing-matter-you-sick-swine,/youre-off-to-a-party-its-no-laughing-matter-you-sick-swine/
/articles/article/where-rights-medicine-and-law-collide,/where-rights-medicine-and-law-collide/
/articles/article/what-we-have-is-the-failure-to-communicate,/what-we-have-is-the-failure-to-communicate/
/articles/article/theres-no-rule-book-for-families,/theres-no-rule-book-for-families/
/articles/article/labels-rarely-go-more-than-skin-deep,/labels-rarely-go-more-than-skin-deep/
/articles/article/gene-patents-violate-civil-liberties,/gene-patents-violate-civil-liberties/
/articles/article/when-giving-cuts-right-to-the-bone,/when-giving-cuts-right-to-the-bone/
/articles/article/leslie-interviewed-by-fairfaxs-sunday-life-magazine,/leslie-interviewed-by-fairfaxs-sunday-life-magazine/
/articles/article/one-step-forward-two-back-in-fight-for-reproductive-rights,/one-step-forward-two-back-in-fight-for-reproductive-rights/
/articles/article/circumcision-who-decides,/circumcision-who-decides/
/articles/article/pulling-out-the-racist-tag-is-a-lazy-way-to-argue-about-policy,/pulling-out-the-racist-tag-is-a-lazy-way-to-argue-about-policy/
/articles/article/we-must-say-know-to-abstinence-only-sex-ed-choices-decisions-outcomes,/we-must-say-know-to-abstinence-only-sex-ed-choices-decisions-outcomes/
/articles/article/betrayal-and-the-shocking-lies-of-rex-crane,/betrayal-and-the-shocking-lies-of-rex-crane/
/articles/article/something-mad-about-refugee-policies,/something-mad-about-refugee-policies/
/articles/article/can-it-ever-be-ethical-to-let-women-die,/can-it-ever-be-ethical-to-let-women-die/
/articles/article/leslie-talks-to-4bc-mornings-host-greg-carey-about-matthew-johns-scandal-and-sex-lies-and-relationships,/leslie-talks-to-4bc-mornings-host-greg-carey-about-matthew-johns-scandal-and-sex-lies-and-relationships/
/articles/article/leslie-talks-to-4bc-mornings-host-greg-carey-about-the-capacity-for-consent,/leslie-talks-to-4bc-mornings-host-greg-carey-about-the-capacity-for-consent/
/articles/article/women-failed-by-catholic-run-hospitals,/women-failed-by-catholic-run-hospitals/
/articles/article/desperate-or-deadbeat-dads,/desperate-or-deadbeat-dads/
/articles/article/kissing-a-friend-goodbye,/kissing-a-friend-goodbye/
/articles/article/parents-left-in-the-lurch,/parents-left-in-the-lurch/
/articles/article/do-we-really-need-to-be-polite-to-the-family-pedophile,/do-we-really-need-to-be-polite-to-the-family-pedophile/
/articles/article/good-parents-send-their-kids-to-private-school-dont-they,/good-parents-send-their-kids-to-private-school-dont-they/
/articles/article/pregnancy-and-job-seeking-is-it-time-to-lie,/pregnancy-and-job-seeking-is-it-time-to-lie/
/articles/article/support-for-dying-friend-our-final-gift,/support-for-dying-friend-our-final-gift/
/articles/article/baby-leave-is-not-a-womens-issue,/baby-leave-is-not-a-womens-issue/
/articles/article/role-of-big-pharma-in-question-after-half-a-century-of-the-pill,/role-of-big-pharma-in-question-after-half-a-century-of-the-pill/
/articles/article/get-religion-out-of-government-schools-please,/get-religion-out-of-government-schools-please/
/articles/article/the-skinny-on-the-ethics-of-dating,/the-skinny-on-the-ethics-of-dating/
/articles/article/patently-absurd-why-corporates-shouldnt-profit-from-our-genes,/patently-absurd-why-corporates-shouldnt-profit-from-our-genes/
/articles/article/fighting-for-virile-values-this-is-tony-abbott,/fighting-for-virile-values-this-is-tony-abbott/
/articles/article/leslie-talks-to-australian-doctor,/leslie-talks-to-australian-doctor/
/articles/article/why-weve-stopped-trusting-science,/why-weve-stopped-trusting-science/
/articles/article/corruption-is-never-harmless-in-the-church-or-state,/corruption-is-never-harmless-in-the-church-or-state/
/articles/article/what-public-infidelity-has-to-do-with-me,/what-public-infidelity-has-to-do-with-me/
/articles/article/the-patenting-of-human-genes-must-be-stopped,/the-patenting-of-human-genes-must-be-stopped/
/articles/article/does-nsw-labor-need-to-go,/does-nsw-labor-need-to-go/
/articles/article/when-difference-of-desire-is-sold-as-a-deficiency,/when-difference-of-desire-is-sold-as-a-deficiency/
/articles/article/leslie-explains-to-the-7pm-project-crew-why-corporations-shouldnt-own-our-genes,/leslie-explains-to-the-7pm-project-crew-why-corporations-shouldnt-own-our-genes/
/articles/article/leslie-talks-men-and-abortion-on-radio-jjjs-hack,/leslie-talks-men-and-abortion-on-radio-jjjs-hack/
/articles/article/leslie-talks-to-kate-otoole-on-abc-youth-radio-triple-js-hack,/leslie-talks-to-kate-otoole-on-abc-youth-radio-triple-js-hack/
/articles/article/tony-abbott-has-a-poor-track-record-on-respecting-medical-privacy-for-teens,/tony-abbott-has-a-poor-track-record-on-respecting-medical-privacy-for-teens/
/articles/article/leslie-talks-to-tokenskeptic-about-big-pharma,/leslie-talks-to-tokenskeptic-about-big-pharma/
/articles/article/protect-our-kids-from-scripture-teachers-and-junk-food-advertisers,/protect-our-kids-from-scripture-teachers-and-junk-food-advertisers/
/articles/article/what-the-first-female-pm-means-for-australian-women,/what-the-first-female-pm-means-for-australian-women/
/articles/article/a-few-good-men-and-stephen-milne-rape-allegations,/a-few-good-men-and-stephen-milne-rape-allegations/
/articles/article/leslie-and-44-other-signatories-warn-that-quest-for-womens-equality-will-be-turned-back-under-pm-tony-abbott,/leslie-and-44-other-signatories-warn-that-quest-for-womens-equality-will-be-turned-back-under-pm-tony-abbott/
/articles/article/the-national-school-chaplaincy-program-is-an-accident-waiting-to-happen,/the-national-school-chaplaincy-program-is-an-accident-waiting-to-happen/
/articles/article/abbott-v-gillard-believing-in-whats-awful-or-nothing-at-all,/abbott-v-gillard-believing-in-whats-awful-or-nothing-at-all/
/articles/article/australias-hung-parliament-and-the-governor-generals-moral-dilemma,/australias-hung-parliament-and-the-governor-generals-moral-dilemma/
/articles/article/new-problem-with-no-name,/new-problem-with-no-name/
/articles/article/leslie-in-the-hot-seat-on-abc-tvs-q-a,/leslie-in-the-hot-seat-on-abc-tvs-q-a/
/articles/article/why-australians-need-a-right-to-die,/why-australians-need-a-right-to-die/
/articles/article/talking-about-rape,/talking-about-rape/
/articles/article/flu-jabs-australia-needs-to-do-better,/flu-jabs-australia-needs-to-do-better/
/articles/article/who-has-the-courage-to-stand-up-for-state-schooling,/who-has-the-courage-to-stand-up-for-state-schooling/
/articles/article/can-doctors-say-no-to-providing-abortion-care,/can-doctors-say-no-to-providing-abortion-care/
/articles/article/small-l-liberals-skewer-progressives-on-horns-of-a-dilemma,/small-l-liberals-skewer-progressives-on-horns-of-a-dilemma/
/articles/article/why-negative-ads-dont-work-but-sticking-to-principle-does,/why-negative-ads-dont-work-but-sticking-to-principle-does/
/articles/article/what-the-lindy-chamberlain-patsy-ramsey-kate-mccann-now-keli-lane-case-says-about-us,/what-the-lindy-chamberlain-patsy-ramsey-kate-mccann-now-keli-lane-case-says-about-us/
/articles/article/did-jesus-have-a-sister,/did-jesus-have-a-sister/
/articles/article/theres-no-shame-in-being-too-posh-to-push,/theres-no-shame-in-being-too-posh-to-push/
/articles/article/should-parents-allow-mixed-sex-sleepovers,/should-parents-allow-mixed-sex-sleepovers/
/articles/article/retrospective-legislation-and-donor-conceived-people,/retrospective-legislation-and-donor-conceived-people/
/articles/article/religiously-defending-the-right-to-remain-secular,/religiously-defending-the-right-to-remain-secular/
/articles/article/why-women-dont-always-support-other-women,/why-women-dont-always-support-other-women/
/articles/article/we-can-only-wish-teen-at-heart-of-dikileaks-scandal-our-best,/we-can-only-wish-teen-at-heart-of-dikileaks-scandal-our-best/
/articles/article/no-non-violent-political-action-please-were-australian,/no-non-violent-political-action-please-were-australian/
/articles/article/the-book-of-rachael,/the-book-of-rachael/
/articles/article/what-no-baby,/what-no-baby/
/articles/article/the-abortion-myth,/the-abortion-myth/
/articles/article/leslie-made-dying-with-dignity-ambassador,/leslie-made-dying-with-dignity-ambassador/
/articles/article/leslie-made-2011-australian-humanist-of-the-year,/leslie-made-2011-australian-humanist-of-the-year/
/articles/article/leslie-best-science-tweet-finalist,/leslie-best-science-tweet-finalist/
/articles/article/adf-facebook-racism-scandal-leslie-talks-to-7news,/adf-facebook-racism-scandal-leslie-talks-to-7news/
/articles/article/rave-review-of-book-of-rachael-from-the-bookshow,/rave-review-of-book-of-rachael-from-the-bookshow/
/articles/article/eloise-keating-s-5-questions-for-leslie-about-the-book-of-rachael,/eloise-keating-s-5-questions-for-leslie-about-the-book-of-rachael/
/articles/article/four-stars-for-book-of-rachael-from-oz-booksellers---publishers,/four-stars-for-book-of-rachael-from-oz-booksellers---publishers/
/articles/article/shape-your-online-image-or-others-will-shape-it-for-you,/shape-your-online-image-or-others-will-shape-it-for-you/
/articles/article/medical-refusal-rights-must-be-regulated-before-more-women-die,/medical-refusal-rights-must-be-regulated-before-more-women-die/
/articles/article/across-australia-law-reform-is-unfinished-business,/across-australia-law-reform-is-unfinished-business/
/articles/article/memo-mr-baillieu-you-re-not-in-favour-of-discrimination,/memo-mr-baillieu-you-re-not-in-favour-of-discrimination/
/articles/article/shout-from-abc-media-watch-the-good-kind,/shout-from-abc-media-watch-the-good-kind/
/articles/article/why-women-don-t-report-rape-on-the-circle,/why-women-don-t-report-rape-on-the-circle/
/articles/article/abc-darwin-the-guestroom,/abc-darwin-the-guestroom/
/articles/article/live-on-3zzz-with-michael-zylberman,/live-on-3zzz-with-michael-zylberman/
/articles/article/tim-wilson-gives-leslie-a-shout-in-the-age,/tim-wilson-gives-leslie-a-shout-in-the-age/
/articles/article/crikey-s-charles-richardson-s-election-shout-for-leslie,/crikey-s-charles-richardson-s-election-shout-for-leslie/
/articles/article/catherine-deveny-wants-leslie-on-air,/catherine-deveny-wants-leslie-on-air/
/articles/article/review-of-leslie-other-speakers-at-global-atheist-conference,/review-of-leslie-other-speakers-at-global-atheist-conference/
/articles/article/likes-heels-hates-housework,/likes-heels-hates-housework/
/articles/article/jason-ball-reviews-the-global-atheist-conference-on-radio-jjj,/jason-ball-reviews-the-global-atheist-conference-on-radio-jjj/
/articles/article/the-age-reviews-the-global-atheist-conference,/the-age-reviews-the-global-atheist-conference/
/articles/article/mia-freedman-the-debate-about-fat-acceptance,/mia-freedman-the-debate-about-fat-acceptance/
/articles/article/a-woman-fighting-to-help-her-sisters-have-it-all-an-encounter-between-sushi-das-and-leslie-cannold,/a-woman-fighting-to-help-her-sisters-have-it-all-an-encounter-between-sushi-das-and-leslie-cannold/
/articles/article/leslie-cannolds-original-ideas-about-choice-may-put-her-odds-with-other-feminists-in-the-fertility-debate,/leslie-cannolds-original-ideas-about-choice-may-put-her-odds-with-other-feminists-in-the-fertility-debate/
/articles/article/leslie-nominated-as-one-of-the-most-influential-australians,/leslie-nominated-as-one-of-the-most-influential-australians/
/articles/article/leslie-listed-as-one-of-australias-most-talked-about-brains,/leslie-listed-as-one-of-australias-most-talked-about-brains/
/articles/article/leslie-elected-to-the-board-of-family-planning-victoria,/leslie-elected-to-the-board-of-family-planning-victoria/
/articles/article/leslie-nominated-as-feminist-icon,/leslie-nominated-as-feminist-icon/
/articles/article/ten-questions-for-leslie-in-this-weeks-australian-jewish-news-ajn,/ten-questions-for-leslie-in-this-weeks-australian-jewish-news-ajn/
/articles/article/leslie-quoted-in-the-australians-discussion-of-a-new-crop-of-novels-about-deviant-mothers,/leslie-quoted-in-the-australians-discussion-of-a-new-crop-of-novels-about-deviant-mothers/
/articles/article/leslie-quoted-in-sydney-morning-herald-review-of-susan-faludis-new-book-the-terror-dream,/leslie-quoted-in-sydney-morning-herald-review-of-susan-faludis-new-book-the-terror-dream/
/articles/article/book-of-rachael-goes-on-sale,/book-of-rachael-goes-on-sale/
/articles/article/centennial-warriors-by-elizabeth-kehoe,/centennial-warriors-by-elizabeth-kehoe/
/articles/article/leslies-idea-on-childless-make-the-australian-womens-weekly,/leslies-idea-on-childless-make-the-australian-womens-weekly/
/articles/article/readings-give-book-of-rachael-a-big-thumbs-up,/readings-give-book-of-rachael-a-big-thumbs-up/
/articles/article/leslie-interviewed-by-michael-bachelard-for-generations-article,/leslie-interviewed-by-michael-bachelard-for-generations-article/
/articles/article/catherines-shout-on-q-a,/catherines-shout-on-q-a/
/articles/article/leslie-comments-on-5-day-morning-after-pill,/leslie-comments-on-5-day-morning-after-pill/
/articles/article/leslie-nominated-for-big-bang-blog-tweet-prize,/leslie-nominated-for-big-bang-blog-tweet-prize/
/articles/article/leslie-joins-in-adele-horins-exploration-of-whether-tony-abbotts-feminist-conversion-is-real-or-just-skin-deep,/leslie-joins-in-adele-horins-exploration-of-whether-tony-abbotts-feminist-conversion-is-real-or-just-skin-deep/
/articles/article/backhanded-compliment,/backhanded-compliment/
/articles/article/a-shout-for-leslie-from-an-unlikely-source-tim-wilson-at-the-ips,/a-shout-for-leslie-from-an-unlikely-source-tim-wilson-at-the-ips/
/articles/article/charles-richardson-at-crikey-gives-leslie-an-election-wrap-shout,/charles-richardson-at-crikey-gives-leslie-an-election-wrap-shout/
/articles/article/leslie-one-of-a-new-generation-of-australian-public-intellectuals,/leslie-one-of-a-new-generation-of-australian-public-intellectuals/
/articles/article/leslies-twitter-contribution-to-dikileaks-scandal-noted-by-sheenal-singh,/leslies-twitter-contribution-to-dikileaks-scandal-noted-by-sheenal-singh/
/articles/article/the-book-of-rachael-eagerly-anticipated-in-2011,/the-book-of-rachael-eagerly-anticipated-in-2011/
/articles/article/leslie-part-of-twitterati,/leslie-part-of-twitterati/
/articles/article/peter-carey-leslie-cannold-among-draw-cards-for-bellingen-writers-festival,/peter-carey-leslie-cannold-among-draw-cards-for-bellingen-writers-festival/
/articles/article/new-zealanders-eagerly-anticipating-the-book-of-rachael,/new-zealanders-eagerly-anticipating-the-book-of-rachael/
/articles/article/good-review-of-the-australian-book-of-atheism-in-the-oz,/good-review-of-the-australian-book-of-atheism-in-the-oz/
/articles/article/pre-publication-review-of-book-of-rachael-just-in,/pre-publication-review-of-book-of-rachael-just-in/
/articles/article/womens-response-to-ectogenesis,/womens-response-to-ectogenesis/
/articles/article/the-australian-pro-choice-movement-and-the-struggle-for-legal-clarity-liberal-laws-and-liberal-access,/the-australian-pro-choice-movement-and-the-struggle-for-legal-clarity-liberal-laws-and-liberal-access/
/articles/article/understanding-and-responding-to-anti-choice-women-centred-strategies,/understanding-and-responding-to-anti-choice-women-centred-strategies/
/articles/article/lowering-the-temperature-of-debates-about-the-use-of-donor-sperm-by-single-women-and-lesbians,/lowering-the-temperature-of-debates-about-the-use-of-donor-sperm-by-single-women-and-lesbians/
/articles/article/discrepant-paternity-chapter-in-sperm-wars,/discrepant-paternity-chapter-in-sperm-wars/
/articles/article/the-ethics-of-neonatal-circumcision-helping-parents-to-decide,/the-ethics-of-neonatal-circumcision-helping-parents-to-decide/
/articles/article/who-owns-a-dead-mans-sperm,/who-owns-a-dead-mans-sperm/
/articles/article/declining-marriage-rates-and-gender-inequity-in-social-institutions-towards-an-adequately-complex-explanation-for-childlessness,/declining-marriage-rates-and-gender-inequity-in-social-institutions-towards-an-adequately-complex-explanation-for-childlessness/
/articles/article/the-australian-pro-choice-movement-and-the-struggle-for-legal-clarity-liberal-laws-and-liberal-access-two-case-studies,/the-australian-pro-choice-movement-and-the-struggle-for-legal-clarity-liberal-laws-and-liberal-access-two-case-studies/
/articles/article/reprogenetic-technologies-balancing-parental-procreative-autonomy-and-social-equity-justice,/reprogenetic-technologies-balancing-parental-procreative-autonomy-and-social-equity-justice/
/articles/article/whos-the-father-rethinking-the-moral-crime-of-paternity-fraud,/whos-the-father-rethinking-the-moral-crime-of-paternity-fraud/
/articles/article/some-hard-questions-from-readings-about-the-book-of-rachael,/some-hard-questions-from-readings-about-the-book-of-rachael/
/articles/article/resurrecting-the-lost-sister-profile-in-the-age-and-sydney-morning-herald,/resurrecting-the-lost-sister-profile-in-the-age-and-sydney-morning-herald/
/articles/article/mtr-radio-they-don-t-hire-women-but-they-interview-them,/mtr-radio-they-don-t-hire-women-but-they-interview-them/
/articles/article/the-courier-mail-reviews-the-book-of-rachael,/the-courier-mail-reviews-the-book-of-rachael/
/articles/article/panorama-reviews-book-of-rachael,/panorama-reviews-book-of-rachael/
/articles/article/sydney-writer-s-centre-asks-leslie-to-advise-developing-writers,/sydney-writer-s-centre-asks-leslie-to-advise-developing-writers/
/articles/article/anz-litlovers-compares-the-book-of-rachael-to-atwood-s-handmaid-s-tale,/anz-litlovers-compares-the-book-of-rachael-to-atwood-s-handmaid-s-tale/
/articles/article/vogue-s-required-reading-includes-rachael-and-that-bad-boy-judah-iscariot,/vogue-s-required-reading-includes-rachael-and-that-bad-boy-judah-iscariot/
/articles/article/i-m-supporting-the-hotels-with-heart-campaign-are-you,/i-m-supporting-the-hotels-with-heart-campaign-are-you/
/articles/article/life-matters-interview-on-the-book-of-rachael,/life-matters-interview-on-the-book-of-rachael/
/articles/article/lithograph-in-the-king-s-tribune,/lithograph-in-the-king-s-tribune/
/articles/article/are-christians-really-the-source-of-oz-values,/are-christians-really-the-source-of-oz-values/
/articles/article/citykat-talks-about-abortion-and-gives-leslie-a-nod,/citykat-talks-about-abortion-and-gives-leslie-a-nod/
/articles/article/what-if-jesus-had-a-sister-sunday-herald-sun-review,/what-if-jesus-had-a-sister-sunday-herald-sun-review/
/articles/article/leslie-co-hosts-jon-faine-s-conversation-hour,/leslie-co-hosts-jon-faine-s-conversation-hour/
/articles/article/age-review-the-gospel-according-to-the-long-lost-sister,/age-review-the-gospel-according-to-the-long-lost-sister/
/articles/article/values-of-easter-and-passover-go-beyond-faith,/values-of-easter-and-passover-go-beyond-faith/
/articles/article/leslie-talks-to-stu-in-china-about-rachael,/leslie-talks-to-stu-in-china-about-rachael/
/articles/article/leslie-talks-to-father-bob-and-john-safran,/leslie-talks-to-father-bob-and-john-safran/
/articles/article/leslie-s-acceptance-speech-for-humanist-of-the-year-award,/leslie-s-acceptance-speech-for-humanist-of-the-year-award/
/articles/article/melbourne-weekly-profile-on-leslie-the-good-book,/melbourne-weekly-profile-on-leslie-the-good-book/
/articles/article/she-was-a-q-a-tweet-screen-star,/she-was-a-q-a-tweet-screen-star/
/articles/article/the-weekly-review-on-the-book-of-rachael,/the-weekly-review-on-the-book-of-rachael/
/articles/article/leslie-is-there-as-osamadead-story-unfolds-on-twitter,/leslie-is-there-as-osamadead-story-unfolds-on-twitter/
/articles/article/leslie-s-q-a-tweets-intelligent-missives,/leslie-s-q-a-tweets-intelligent-missives/
/articles/article/the-truth-about-random-acts-of-corporate-kindness,/the-truth-about-random-acts-of-corporate-kindness/
/articles/article/the-ugly-face-of-child-beauty-pageants,/the-ugly-face-of-child-beauty-pageants/
/articles/article/verity-la-unearths-the-hidden-books,/verity-la-unearths-the-hidden-books/
/articles/article/book-of-rachael-compared-to-red-tent-year-of-wonders,/book-of-rachael-compared-to-red-tent-year-of-wonders/
/articles/article/the-best-episode-of-2011-of-australia-s-top-rated-show-q-a,/the-best-episode-of-2011-of-australia-s-top-rated-show-q-a/
/articles/article/it-s-time-to-deny-access-to-our-children,/it-s-time-to-deny-access-to-our-children/
/articles/article/the-joy-of-conversing-with-richard-fidler,/the-joy-of-conversing-with-richard-fidler/
/articles/article/leslie-on-catholic-hospitals-refusing-contraceptive-advice-to-cancer-trial-participants,/leslie-on-catholic-hospitals-refusing-contraceptive-advice-to-cancer-trial-participants/
/articles/article/leslie-wins-eva-award-for-column-on-sexual-assault,/leslie-wins-eva-award-for-column-on-sexual-assault/
/articles/article/perilous-adventure-a-fan-of-the-book-of-rachael,/perilous-adventure-a-fan-of-the-book-of-rachael/
/articles/article/leslie-co-hosts-the-conversation-hour-with-raphael-epstein,/leslie-co-hosts-the-conversation-hour-with-raphael-epstein/
/articles/article/leslie-discusses-the-myth-of-the-lying-victim-with-louise-maher,/leslie-discusses-the-myth-of-the-lying-victim-with-louise-maher/
/articles/article/the-myth-of-the-lying-victim-the-case-of-dominique-strauss-kahn,/the-myth-of-the-lying-victim-the-case-of-dominique-strauss-kahn/
/articles/article/the-opinionator-rides-again-leslie-returns-to-vizzard-show-on-mtr,/the-opinionator-rides-again-leslie-returns-to-vizzard-show-on-mtr/
/articles/article/listen-to-leslie-and-news-ltd-s-joe-hildebrand-debate-media-ethics,/listen-to-leslie-and-news-ltd-s-joe-hildebrand-debate-media-ethics/
/articles/article/news-without-ethics-media-the-murdoch-way,/news-without-ethics-media-the-murdoch-way/
/articles/article/time-for-a-reality-check-it-s-not-all-about-you,/time-for-a-reality-check-it-s-not-all-about-you/
/articles/article/legal-rights-for-parents-to-access-kids-facebook-page-leslie-on-the-circle,/legal-rights-for-parents-to-access-kids-facebook-page-leslie-on-the-circle/
/articles/article/gender-bending-on-774-melbourne-with-alan-brough,/gender-bending-on-774-melbourne-with-alan-brough/
/articles/article/nz-herald-on-sunday-cheers-the-book-of-rachael,/nz-herald-on-sunday-cheers-the-book-of-rachael/
/articles/article/lip-mag-gives-book-of-rachael-a-strong-woman-shout,/lip-mag-gives-book-of-rachael-a-strong-woman-shout/
/articles/article/leslie-talks-women-and-media-ethics-at-byron-bay,/leslie-talks-women-and-media-ethics-at-byron-bay/
/articles/article/fighting-for-the-right-to-be-equally-mediocre,/fighting-for-the-right-to-be-equally-mediocre/
/articles/article/would-we-judge-top-cop-nixon-any-differently-if-she-were-a-man,/would-we-judge-top-cop-nixon-any-differently-if-she-were-a-man/
/articles/article/harry-potter-and-the-courage-it-takes-to-be-that-first-follower,/harry-potter-and-the-courage-it-takes-to-be-that-first-follower/
/articles/article/according-to-some-the-problem-with-the-media-is-you,/according-to-some-the-problem-with-the-media-is-you/
/articles/article/how-women-stood-up-for-themselves-and-changed-the-law-of-abortion,/how-women-stood-up-for-themselves-and-changed-the-law-of-abortion/
/articles/article/a-radical-look-at-female-power,/a-radical-look-at-female-power/
/articles/article/leslie-s-big-ideas-on-abortion-law-reform-and-unregulated-conscientious-objection,/leslie-s-big-ideas-on-abortion-law-reform-and-unregulated-conscientious-objection/
/articles/article/don-t-let-disability-scheme-be-yesterday-s-news,/don-t-let-disability-scheme-be-yesterday-s-news/
/articles/article/why-women-have-late-term-abortions,/why-women-have-late-term-abortions/
/articles/article/leslie-joins-chaser-s-dom-knight-and-john-barron-on-the-drum,/leslie-joins-chaser-s-dom-knight-and-john-barron-on-the-drum/
/articles/article/the-tweeting-truth-according-to-leslie-in-the-asa-mag,/the-tweeting-truth-according-to-leslie-in-the-asa-mag/
/articles/article/leslie-replies-to-kate-gleeson,/leslie-replies-to-kate-gleeson/
/articles/article/time-to-weigh-anchor-on-australa,/time-to-weigh-anchor-on-australa/
/articles/article/line-between-censors-and-sensibility-a-clear-one,/line-between-censors-and-sensibility-a-clear-one/
/articles/article/first-tuesday-book-club-interview-with-leslie,/first-tuesday-book-club-interview-with-leslie/
/articles/article/what-does-occupy-wall-street-protesters-want-listen-you-ll-learn,/what-does-occupy-wall-street-protesters-want-listen-you-ll-learn/
/articles/article/what-would-prime-minister-abbott-do-or-don-t-we-want-to-know,/what-would-prime-minister-abbott-do-or-don-t-we-want-to-know/
/articles/article/abortion-tony-abbott-it-is-black-and-white,/abortion-tony-abbott-it-is-black-and-white/
/articles/article/court-takes-stand-on-decency-in-bolt-racial-discrimination-case,/court-takes-stand-on-decency-in-bolt-racial-discrimination-case/
/articles/article/the-fat-and-skinny-of-desiring-your-spouse,/the-fat-and-skinny-of-desiring-your-spouse/
/articles/article/we-need-to-reform-australia-s-rape-laws,/we-need-to-reform-australia-s-rape-laws/
/articles/article/we-ought-to-worry-about-australia-s-democratic-decline,/we-ought-to-worry-about-australia-s-democratic-decline/
/articles/article/leslie-notes-the-gender-inequity-of-the-tourism-australia-beauty-contest,/leslie-notes-the-gender-inequity-of-the-tourism-australia-beauty-contest/
/articles/article/what-do-occupy-sydney-and-melbourne-want,/what-do-occupy-sydney-and-melbourne-want/
/articles/article/that-poor-little-israeli-girl-the-cost-to-secular-democracies-of-religious-extremism,/that-poor-little-israeli-girl-the-cost-to-secular-democracies-of-religious-extremism/
/articles/article/melinda-tankard-reist-sues-mtrsues-a-hot-hashtag-on-twitter,/melinda-tankard-reist-sues-mtrsues-a-hot-hashtag-on-twitter/
/articles/article/leslie-gets-shout-in-sydney-morning-herald-piece-on-the-king-s-tribune,/leslie-gets-shout-in-sydney-morning-herald-piece-on-the-king-s-tribune/
/articles/article/philosopher-damon-young-agrees-with-leslie-that-gender-equity-matters,/philosopher-damon-young-agrees-with-leslie-that-gender-equity-matters/
/articles/article/leslie-s-ideas-on-democratic-decline-feature-on-abc-tv-s-the-drum,/leslie-s-ideas-on-democratic-decline-feature-on-abc-tv-s-the-drum/
/articles/article/legal-bind-mean-no-decent-end-to-suffering-for-incurably-ill,/legal-bind-mean-no-decent-end-to-suffering-for-incurably-ill/
/articles/article/in-china-or-the-west-look-for-the-power-in-industrial-matters,/in-china-or-the-west-look-for-the-power-in-industrial-matters/
/articles/article/the-name-game-leaves-many-men-to-blame,/the-name-game-leaves-many-men-to-blame/
/articles/article/chris-brown-slap-tweets-announce-next-gen-of-victims,/chris-brown-slap-tweets-announce-next-gen-of-victims/
/articles/article/disappearing-act-of-the-soul-that-s-so-hard-to-bear,/disappearing-act-of-the-soul-that-s-so-hard-to-bear/
/articles/article/barking-mad-puppies-and-toddlers-in-an-intolerant-land,/barking-mad-puppies-and-toddlers-in-an-intolerant-land/
/articles/article/regulation-consultation-and-divergent-community-views,/regulation-consultation-and-divergent-community-views/
/articles/article/leslie-on-the-7-30-report-talking-fetal-birth-certificates,/leslie-on-the-7-30-report-talking-fetal-birth-certificates/
/articles/article/leslie-on-weekend-sunrise-talking-ethics-of-ivf-sex-selection,/leslie-on-weekend-sunrise-talking-ethics-of-ivf-sex-selection/
/articles/article/leslie-has-tea-with-libbi-gorr-on-abc-radio-774,/leslie-has-tea-with-libbi-gorr-on-abc-radio-774/
/articles/article/separating-church-state-a-call-to-action,/separating-church-state-a-call-to-action/
/articles/article/fairfax-covers-s-leslie-s-speech-at-the-celebration-of-reason,/fairfax-covers-s-leslie-s-speech-at-the-celebration-of-reason/
/articles/article/the-think-atheist-show-chats-to-leslie,/the-think-atheist-show-chats-to-leslie/
/articles/article/crikey-leslie-on-media-ethics-in-slipper-ashby-case,/crikey-leslie-on-media-ethics-in-slipper-ashby-case/
/articles/article/leslie-aly-wright-feature-as-celebrity-academics,/leslie-aly-wright-feature-as-celebrity-academics/
/articles/article/leslie-joins-ipa-s-patterson-and-mumble-s-brent-on-abc-tv-s-the-drum,/leslie-joins-ipa-s-patterson-and-mumble-s-brent-on-abc-tv-s-the-drum/
/articles/article/leslie-on-the-life-changing-value-of-contraception-to-the-world-s-poorest-women,/leslie-on-the-life-changing-value-of-contraception-to-the-world-s-poorest-women/
/articles/article/leslie-on-silence-shame-and-botox,/leslie-on-silence-shame-and-botox/
/articles/article/young-women-shocked-by-chivalry-leslie-explains-why,/young-women-shocked-by-chivalry-leslie-explains-why/
/articles/article/why-you-need-to-know-what-you-don-t-know-to-write-well,/why-you-need-to-know-what-you-don-t-know-to-write-well/
/articles/article/the-answer-to-pay-equity-cross-dressing,/the-answer-to-pay-equity-cross-dressing/
/articles/article/a-mature-debate-is-ok-leslie-quoted-on-the-second-sexism,/a-mature-debate-is-ok-leslie-quoted-on-the-second-sexism/
/articles/article/hoopla-splashes-with-the-let-s-end-the-stigma-flashmob-2012-campaign,/hoopla-splashes-with-the-let-s-end-the-stigma-flashmob-2012-campaign/
/articles/article/leslie-on-weekend-sunrise-with-rev-bill-crews-marion-maddox,/leslie-on-weekend-sunrise-with-rev-bill-crews-marion-maddox/
/articles/article/leslie-s-courageous-inspiring-tedx-video-goes-live,/leslie-s-courageous-inspiring-tedx-video-goes-live/
/articles/article/leslie-on-alan-jones-vs-the-cyber-bullies-in-the-drum,/leslie-on-alan-jones-vs-the-cyber-bullies-in-the-drum/
/articles/article/how-sexist-is-australian-politics-melanie-tait-leslie-discuss-on-abc-overnights,/how-sexist-is-australian-politics-melanie-tait-leslie-discuss-on-abc-overnights/
/articles/article/lance-armstrong-why-cheaters-shouldn-t-prosper,/lance-armstrong-why-cheaters-shouldn-t-prosper/
/articles/article/dangerous-remedy-the-heroism-of-the-1st-abortion-rights-activists,/dangerous-remedy-the-heroism-of-the-1st-abortion-rights-activists/
/articles/article/gillard-s-misogyny-speech-what-have-we-learned,/gillard-s-misogyny-speech-what-have-we-learned/
/articles/article/making-decision-about-fertility-in-australian-family-physician,/making-decision-about-fertility-in-australian-family-physician/
/articles/article/leslie-warns-against-commericial-surrogacy,/leslie-warns-against-commericial-surrogacy/
/articles/article/women-ectogenesis-and-ethical-theory-in-the-journal-of-applied-philosophy,/women-ectogenesis-and-ethical-theory-in-the-journal-of-applied-philosophy/
/articles/article/making-the-wrong-moves-on-the-rights-of-the-unborn,/making-the-wrong-moves-on-the-rights-of-the-unborn/
/articles/article/catholic-hospitals-put-human-rights-push-at-risk,/catholic-hospitals-put-human-rights-push-at-risk/
/articles/article/leslie-on-why-40-women-are-less-visible-and-we-don-x27-t-like-it,/leslie-on-why-40-women-are-less-visible-and-we-don-x27-t-like-it/
/articles/article/does-australia-need-a-national-integrity-day,/does-australia-need-a-national-integrity-day/
/articles/article/uncovered-meat-moments-and-prisoner-x,/uncovered-meat-moments-and-prisoner-x/
/articles/article/is-it-right-to-judge-friday-talkback-on-abc-rn-life-matters,/is-it-right-to-judge-friday-talkback-on-abc-rn-life-matters/
/articles/article/leslie-joins-pm-julia-gillard-on-list-of-melbourne-s-most-influential-women,/leslie-joins-pm-julia-gillard-on-list-of-melbourne-s-most-influential-women/
/articles/article/what-miracle-babies-might-mean-for-abortion-rights,/what-miracle-babies-might-mean-for-abortion-rights/
/articles/article/feminist-fatales-cannold-wilson-and-muldoon,/feminist-fatales-cannold-wilson-and-muldoon/
/articles/article/the-droolia-dog-toy-sexist-attack-on-pm-gillard-or-just-a-laugh,/the-droolia-dog-toy-sexist-attack-on-pm-gillard-or-just-a-laugh/
/articles/article/topless-bars-should-there-be-a-law,/topless-bars-should-there-be-a-law/
/articles/article/abortion-law-reform-in-tassie-leslie-on-triple-j-hack,/abortion-law-reform-in-tassie-leslie-on-triple-j-hack/
/articles/article/sexist-men-30-per-cent,/sexist-men-30-per-cent/
/articles/article/when-17-yr-old-s-refuse-life-saving-treatment-leslie-talks-to-mamamia,/when-17-yr-old-s-refuse-life-saving-treatment-leslie-talks-to-mamamia/
/articles/article/ru486-battle-in-the-home-stretch-leslie-on-abc-news,/ru486-battle-in-the-home-stretch-leslie-on-abc-news/
/articles/article/abortion-pill-recommended-for-pbs-leslie-on-sbs,/abortion-pill-recommended-for-pbs-leslie-on-sbs/
/articles/article/should-medical-abortion-be-subsidised-on-the-pbs-leslie-on-abc-radio,/should-medical-abortion-be-subsidised-on-the-pbs-leslie-on-abc-radio/
/articles/article/pbs-decision-is-about-equality-interview-with-leslie-on-abc-tv,/pbs-decision-is-about-equality-interview-with-leslie-on-abc-tv/
/articles/article/paid-leave-for-organ-donation-needs-monitoring,/paid-leave-for-organ-donation-needs-monitoring/
/articles/article/the-monthly-s-hashtag-feminism-lauds-leslie-s-contribution-to-destroying-the-joint,/the-monthly-s-hashtag-feminism-lauds-leslie-s-contribution-to-destroying-the-joint/
/articles/article/leslie-speaks-on-future-politicians-segment-of-syn-fm,/leslie-speaks-on-future-politicians-segment-of-syn-fm/
/articles/article/leslie-guest-tweets-lateline,/leslie-guest-tweets-lateline/
/articles/article/women-leadership-gillard-s-murderous-rage,/women-leadership-gillard-s-murderous-rage/
/articles/article/leslie-tells-sbs-online-23andme-patent-huge-worry,/leslie-tells-sbs-online-23andme-patent-huge-worry/
/articles/article/the-australian-23andme-patent-heralds-designer-kids,/the-australian-23andme-patent-heralds-designer-kids/
/articles/article/why-the-man-who-said-sheryl-sandberg-s-vision-of-diversity-is-unachievable-is-wrong,/why-the-man-who-said-sheryl-sandberg-s-vision-of-diversity-is-unachievable-is-wrong/
/articles/article/leslie-co-hosts-conversation-hour-with-jon-faine,/leslie-co-hosts-conversation-hour-with-jon-faine/
/articles/article/sunday-extra-with-leslie-chris-berg-alistair-sinclair,/sunday-extra-with-leslie-chris-berg-alistair-sinclair/
/articles/article/why-oz-pollies-need-to-manage-their-conflicts-of-interest,/why-oz-pollies-need-to-manage-their-conflicts-of-interest/
/articles/article/the-well-will-there-always-be-outcasts,/the-well-will-there-always-be-outcasts/
/articles/article/prestigious-us-publisher-s-weekly-raves-about-the-book-of-rachael,/prestigious-us-publisher-s-weekly-raves-about-the-book-of-rachael/
/articles/article/every-book-deserves-a-soundtrack-now-the-book-of-rachael-has-one,/every-book-deserves-a-soundtrack-now-the-book-of-rachael-has-one/
/articles/article/cosmos-climate-science-and-why-fear-didn-t-work,/cosmos-climate-science-and-why-fear-didn-t-work/
/articles/article/we-will-be-able-to-reverse-the-ageing-process-but-should-we,/we-will-be-able-to-reverse-the-ageing-process-but-should-we/
/articles/article/if-the-book-of-rachael-was-a-movie-who-should-play-rachael,/if-the-book-of-rachael-was-a-movie-who-should-play-rachael/
/articles/article/leslie-on-gene-science-society-must-regulate-what-happens-in-lab,/leslie-on-gene-science-society-must-regulate-what-happens-in-lab/
/articles/article/leslie-and-her-labrador-learn-about-judging-being-judgemental,/leslie-and-her-labrador-learn-about-judging-being-judgemental/
/articles/article/leslie-advice-to-australia-s-next-female-pm,/leslie-advice-to-australia-s-next-female-pm/
/articles/article/leslie-paul-sheehan-cassandra-wilkenson-on-abc-tv-s-the-drum,/leslie-paul-sheehan-cassandra-wilkenson-on-abc-tv-s-the-drum/
/articles/article/bonchek-adams-controversy-a-tweeting-shame,/bonchek-adams-controversy-a-tweeting-shame/
/articles/article/leslie-on-the-bbb-executives-who-turned-a-blind-eye-to-saville,/leslie-on-the-bbb-executives-who-turned-a-blind-eye-to-saville/
/articles/article/leslie-in-the-age-how-to-smooth-the-way-for-australia-s-next-female-pm,/leslie-in-the-age-how-to-smooth-the-way-for-australia-s-next-female-pm/
/articles/article/leslie-talks-to-abc-720-perth-about-assisted-suicide,/leslie-talks-to-abc-720-perth-about-assisted-suicide/
/articles/article/opting-out-off-ramping-why-women-are-really-leaving-paid-work,/opting-out-off-ramping-why-women-are-really-leaving-paid-work/
/articles/article/mental-health-reform-why-victoria-is-the-state-to-watch,/mental-health-reform-why-victoria-is-the-state-to-watch/
/articles/article/a-grand-example-of-a-perfect-role-model,/a-grand-example-of-a-perfect-role-model/
/articles/article/leslie-debuts-as-regular-guest-on-abc-s-premier-episode-of-moral-compass,/leslie-debuts-as-regular-guest-on-abc-s-premier-episode-of-moral-compass/
/articles/article/live-below-the-line-or-wear-a-dress-making-a-difference-development-aid,/live-below-the-line-or-wear-a-dress-making-a-difference-development-aid/
/articles/article/do-you-want-to-help-overweight-kids-or-just-insult-them,/do-you-want-to-help-overweight-kids-or-just-insult-them/
/articles/article/leslie-talks-vaccination-reality-and-rolf-harris-on-abc-tv-moral-compass,/leslie-talks-vaccination-reality-and-rolf-harris-on-abc-tv-moral-compass/
/articles/article/egg-freezing-workplace-revolution-or-throwing-up-the-white-flag,/egg-freezing-workplace-revolution-or-throwing-up-the-white-flag/
/articles/article/medical-refusal-rights-why-pregnant-women-have-them-too,/medical-refusal-rights-why-pregnant-women-have-them-too/
/articles/article/the-time-for-women-is-now,/the-time-for-women-is-now/
/articles/article/leslie-and-professor-peter-singer-on-abc-radio-s-nightlife,/leslie-and-professor-peter-singer-on-abc-radio-s-nightlife/
/articles/article/how-do-you-like-your-eggs-leslie-talks-to-3cr-breakfast-about-egg-freezing,/how-do-you-like-your-eggs-leslie-talks-to-3cr-breakfast-about-egg-freezing/
/articles/article/baby-steps-to-be-welcomed-leslie-on-pope-s-forgiveness-of-women-who-have-abortions,/baby-steps-to-be-welcomed-leslie-on-pope-s-forgiveness-of-women-who-have-abortions/
/articles/article/is-malcolm-turnbull-the-next-lady-macbeth,/is-malcolm-turnbull-the-next-lady-macbeth/
/articles/article/divorce-because-you-deserve-it,/divorce-because-you-deserve-it/
/articles/article/ugly-selfies-are-all-about-girls-trusting-other-girls,/ugly-selfies-are-all-about-girls-trusting-other-girls/
/articles/article/the-law-ain-t-enough-to-stop-cheaters-from-prospering,/the-law-ain-t-enough-to-stop-cheaters-from-prospering/
/articles/article/leslie-s-tedx-talk-passes-30-000-views,/leslie-s-tedx-talk-passes-30-000-views/
/articles/article/is-vegetarianism-and-veganism-about-animal-welfare-or-moral-superiority,/is-vegetarianism-and-veganism-about-animal-welfare-or-moral-superiority/
/articles/article/abortion-is-still-technically-illegal-in-new-south-wales,/abortion-is-still-technically-illegal-in-new-south-wales/
/articles/article/protesting-oz-census-2016-what-legal-experts-say,/protesting-oz-census-2016-what-legal-experts-say/
/articles/article/what-if-men-got-pregnant-leslie-live-in-denmark-at-wd2016,/what-if-men-got-pregnant-leslie-live-in-denmark-at-wd2016/
/articles/article/why-research-ethics-equals-censusfail-leslie-in-abc-online-coverage,/why-research-ethics-equals-censusfail-leslie-in-abc-online-coverage/
/articles/article/was-the-ancient-persian-queen-vashti-the-1st-feminist,/was-the-ancient-persian-queen-vashti-the-1st-feminist/
/articles/article/leslie-talks-to-abc-newcastle-s-paul-beven-about-compassion,/leslie-talks-to-abc-newcastle-s-paul-beven-about-compassion/
/events/event/good-parents-send-their-kids-to-private-school-don-t-they,/good-parents-send-their-kids-to-private-school-don-t-they/
/events/event/an-article-for-future-publication,/an-article-for-future-publication/
/events/event/abbott-v-gillard-believing-in-what-s-awful-or-nothing-at-all,/abbott-v-gillard-believing-in-what-s-awful-or-nothing-at-all/
/events/event/the-national-school-chaplaincy-program-is-an-accident-waiting-to-happen,/the-national-school-chaplaincy-program-is-an-accident-waiting-to-happen/
/events/event/the-power-and-perils-of-wikileaks,/the-power-and-perils-of-wikileaks/
/events/event/a-few-good-men-and-stephen-milne-rape-allegations,/a-few-good-men-and-stephen-milne-rape-allegations/
/events/event/what-no-baby,/what-no-baby/
/events/event/what-no-baby-launch,/what-no-baby-launch/
/events/event/career-relationships-and-children-can-women-have-it-all,/career-relationships-and-children-can-women-have-it-all/
/events/event/international-womens-day-lunch-address,/international-womens-day-lunch-address/
/events/event/avid-reader-bookshop-west-end-queensland,/avid-reader-bookshop-west-end-queensland/
/events/event/gleebooks-glebe-new-south-wales,/gleebooks-glebe-new-south-wales/
/events/event/readings-books-carlton-victoria,/readings-books-carlton-victoria/
/events/event/childless-by-choice-or-circumstance-turbo-charged-expectations-of-good-mothers-and-the-irrationality-of-choosing-to-have-children-in-the-post-modern-world,/childless-by-choice-or-circumstance-turbo-charged-expectations-of-good-mothers-and-the-irrationality-of-choosing-to-have-children-in-the-post-modern-world/
/events/event/the-politics-of-womens-health,/the-politics-of-womens-health/
/events/event/the-private-world-reproductive-rights-and-the-politics-of-gender,/the-private-world-reproductive-rights-and-the-politics-of-gender/
/events/event/melbourne-university-debating-society-public-debate-on-abortion,/melbourne-university-debating-society-public-debate-on-abortion/
/events/event/unions-nsw-things-fall-apart-what-work-is-doing-to-families-and-communities,/unions-nsw-things-fall-apart-what-work-is-doing-to-families-and-communities/
/events/event/daddy-dearest-the-ethics-and-politics-of-paternity-fraud,/daddy-dearest-the-ethics-and-politics-of-paternity-fraud/
/events/event/federal-womens-council-of-the-liberal-party-liberal-women-caring-for-families-conference,/federal-womens-council-of-the-liberal-party-liberal-women-caring-for-families-conference/
/events/event/leslie-to-speak-at-the-state-library-of-victoria,/leslie-to-speak-at-the-state-library-of-victoria/
/events/event/keynote-address-to-staff-at-st-columbias-college,/keynote-address-to-staff-at-st-columbias-college/
/events/event/what-is-human-biotechnology-in-sport-and-health,/what-is-human-biotechnology-in-sport-and-health/
/events/event/in-the-family-way-the-age-melbourne-writers-festival,/in-the-family-way-the-age-melbourne-writers-festival/
/events/event/leslie-speaking-at-the-age-melbourne-writers-festival,/leslie-speaking-at-the-age-melbourne-writers-festival/
/events/event/the-council-for-equal-opportunity-in-employments-inaugural-diversity-conference-challenges-and-advantages-of-integrating-work-life-families-and-diversity,/the-council-for-equal-opportunity-in-employments-inaugural-diversity-conference-challenges-and-advantages-of-integrating-work-life-families-and-diversity/
/events/event/leslie-panel-speaker-on-women-and-the-state-of-play,/leslie-panel-speaker-on-women-and-the-state-of-play/
/events/event/leslie-to-give-evidence-to-the-legislation-review-committee-the-lockhart-review,/leslie-to-give-evidence-to-the-legislation-review-committee-the-lockhart-review/
/events/event/the-national-diversity-think-tank,/the-national-diversity-think-tank/
/events/event/educating-girls-catholic-secondary-principals-agm,/educating-girls-catholic-secondary-principals-agm/
/events/event/national-product-liability-association,/national-product-liability-association/
/events/event/inquiry-into-therapeutic-goods-amendment,/inquiry-into-therapeutic-goods-amendment/
/events/event/balancing-work-and-family-inquiry,/balancing-work-and-family-inquiry/
/events/event/accusers-abusers-excusers-dreyfus-revisited,/accusers-abusers-excusers-dreyfus-revisited/
/events/event/what-no-baby-young-women-and-the-challenges-of-career-and-family,/what-no-baby-young-women-and-the-challenges-of-career-and-family/
/events/event/melbourne-hearings-of-senate-inquiry-into-transparent-advertising-and-notification-of-pregnancy-counselling-services-bill-2005,/melbourne-hearings-of-senate-inquiry-into-transparent-advertising-and-notification-of-pregnancy-counselling-services-bill-2005/
/events/event/the-challenge-of-achieving-work-life-balance,/the-challenge-of-achieving-work-life-balance/
/events/event/how-to-write-an-opinion-piece-that-will-get-published,/how-to-write-an-opinion-piece-that-will-get-published/
/events/event/careers-relationships-and-children-how-women-and-men-can-have-it-all,/careers-relationships-and-children-how-women-and-men-can-have-it-all/
/events/event/keynote-to-the-association-of-marriage-and-relationship-educators,/keynote-to-the-association-of-marriage-and-relationship-educators/
/events/event/missed-out-on-tickets-to-the-veronicas,/missed-out-on-tickets-to-the-veronicas/
/events/event/feminism-and-multi-culturalism-do-they-mix,/feminism-and-multi-culturalism-do-they-mix/
/events/event/women-in-engineering-lunch,/women-in-engineering-lunch/
/events/event/hobart-the-current-stem-cell-debate-science-politics-and-ethics,/hobart-the-current-stem-cell-debate-science-politics-and-ethics/
/events/event/discrepant-paternity-talk-at-the-university-of-sydney-s-centre-for-values-ethics-law-in-medicine,/discrepant-paternity-talk-at-the-university-of-sydney-s-centre-for-values-ethics-law-in-medicine/
/events/event/catch-leslie-for-the-weekly-watercooler-wrap-on-9am-with-david-and-kim,/catch-leslie-for-the-weekly-watercooler-wrap-on-9am-with-david-and-kim/
/events/event/catch-leslie-on-the-catch-up,/catch-leslie-on-the-catch-up/
/events/event/leslie-to-speak-on-the-spin-or-the-reality-or-why-transparency-matters-in-public-debates,/leslie-to-speak-on-the-spin-or-the-reality-or-why-transparency-matters-in-public-debates/
/events/event/leslie-talks-ministerial-ethics-with-lindy-burn-on-774-abc-melbourne-drive,/leslie-talks-ministerial-ethics-with-lindy-burn-on-774-abc-melbourne-drive/
/events/event/leslie-to-give-evidence-to-productivity-commission-review-of-australias-consumer-policy-framework,/leslie-to-give-evidence-to-productivity-commission-review-of-australias-consumer-policy-framework/
/events/event/leslie-to-speak-at-the-ywcas-changin-it-lovin-it-conference,/leslie-to-speak-at-the-ywcas-changin-it-lovin-it-conference/
/events/event/leslie-to-discuss-good-looks-or-good-health-whats-really-at-stake-in-the-childhood-obesity-debate,/leslie-to-discuss-good-looks-or-good-health-whats-really-at-stake-in-the-childhood-obesity-debate/
/events/event/leslie-to-discuss-being-good-without-god,/leslie-to-discuss-being-good-without-god/
/events/event/leslie-to-speak-at-melbourne-girls-grammar-school,/leslie-to-speak-at-melbourne-girls-grammar-school/
/events/event/leslie-speaks-to-bentleigh-progressive-synogogue-bps-seniors,/leslie-speaks-to-bentleigh-progressive-synogogue-bps-seniors/
/events/event/leslie-keynote-speaker-at-the-law-institute-of-victoria-presidents-luncheon,/leslie-keynote-speaker-at-the-law-institute-of-victoria-presidents-luncheon/
/events/event/leslie-invited-to-speak-at-australian-lesbian-medical-conference-four-seasons-challenges-of-contemporary-health-care-in-a-changing-climate,/leslie-invited-to-speak-at-australian-lesbian-medical-conference-four-seasons-challenges-of-contemporary-health-care-in-a-changing-climate/
/events/event/leslie-to-speak-at-msi-global-safe-abortion-conference-2007-in-london,/leslie-to-speak-at-msi-global-safe-abortion-conference-2007-in-london/
/events/event/leslie-keynote-speaker-at-national-council-of-jewish-women-of-australia-victoria-annual-luncheon,/leslie-keynote-speaker-at-national-council-of-jewish-women-of-australia-victoria-annual-luncheon/
/events/event/leslie-interviewed-on-tropic-island-discs-3mbs-classically-melbourne,/leslie-interviewed-on-tropic-island-discs-3mbs-classically-melbourne/
/events/event/leslie-to-speak-about-work-life-balance-at-the-university-western-sydney-womens-network-seminar,/leslie-to-speak-about-work-life-balance-at-the-university-western-sydney-womens-network-seminar/
/events/event/leslie-to-give-evidence-for-cain-legal-team,/leslie-to-give-evidence-for-cain-legal-team/
/events/event/speedy-fish-playing-at-the-st-kilda-bowling-club,/speedy-fish-playing-at-the-st-kilda-bowling-club/
/events/event/leslie-appears-on-abc-tvs-q-a,/leslie-appears-on-abc-tvs-q-a/
/events/event/leslie-to-speak-to-young-activists-about-campaigning-for-the-right-to-choose,/leslie-to-speak-to-young-activists-about-campaigning-for-the-right-to-choose/
/events/event/leslie-to-speak-about-women-and-the-new-faith,/leslie-to-speak-about-women-and-the-new-faith/
/events/event/leslie-to-at-national-public-education-forum-in-canberra,/leslie-to-at-national-public-education-forum-in-canberra/
/events/event/leslie-to-speak-at-steve-guest-rally-on-the-victorian-parliament-house-steps,/leslie-to-speak-at-steve-guest-rally-on-the-victorian-parliament-house-steps/
/events/event/leslie-to-participate-in-nsw-abortion-law-reform-forum,/leslie-to-participate-in-nsw-abortion-law-reform-forum/
/events/event/leslie-to-speak-at-melbourne-high-school-about-what-elite-sportsmen-are-teaching-our-boys,/leslie-to-speak-at-melbourne-high-school-about-what-elite-sportsmen-are-teaching-our-boys/
/events/event/co-hosting-coping-with-pandemics-is-australia-ready-on-abc-radio,/co-hosting-coping-with-pandemics-is-australia-ready-on-abc-radio/
/events/event/leslie-to-speak-to-nsw-dying-with-dignity,/leslie-to-speak-to-nsw-dying-with-dignity/
/events/event/speedy-fish-rock-st-kilda,/speedy-fish-rock-st-kilda/
/events/event/leslie-and-catherine-deveny-talk-manners,/leslie-and-catherine-deveny-talk-manners/
/events/event/leslie-at-7pm,/leslie-at-7pm/
/events/event/leslie-and-adam-the-classic-couple,/leslie-and-adam-the-classic-couple/
/events/event/speedy-fish-at-cafe-umalicioius,/speedy-fish-at-cafe-umalicioius/
/events/event/speedy-fish-at-cafe-umalicioius1,/speedy-fish-at-cafe-umalicioius1/
/events/event/the-grass-is-always-greener-on-radio-national-s-life-matters,/the-grass-is-always-greener-on-radio-national-s-life-matters/
/events/event/leslie-on-sbs-insight-in-your-genes,/leslie-on-sbs-insight-in-your-genes/
/events/event/speedy-fish-at-the-grocery-bar-st-kilda,/speedy-fish-at-the-grocery-bar-st-kilda/
/events/event/recent-changes-to-termination-of-pregnancy-practice-in-victoria,/recent-changes-to-termination-of-pregnancy-practice-in-victoria/
/events/event/stem-cells-on-the-7pm-project,/stem-cells-on-the-7pm-project/
/events/event/speedy-fish-playing-live-at-dont-chase-the-shadows-just-enjoy-the-ride,/speedy-fish-playing-live-at-dont-chase-the-shadows-just-enjoy-the-ride/
/events/event/leslie-tells-abc-listeners-that-tony-abbott-will-make-his-personalreligious-views-about-women-political,/leslie-tells-abc-listeners-that-tony-abbott-will-make-his-personalreligious-views-about-women-political/
/events/event/7pm-project-talking-xenotransplantation,/7pm-project-talking-xenotransplantation/
/events/event/lara-bingle-a-question-of-consent,/lara-bingle-a-question-of-consent/
/events/event/leslie-joins-lyn-alison-tanya-levin-and-jane-caro-at-the-2010-global-atheist-convention,/leslie-joins-lyn-alison-tanya-levin-and-jane-caro-at-the-2010-global-atheist-convention/
/events/event/australias-low-organ-donation-rate-on-local-abc-radio-774,/australias-low-organ-donation-rate-on-local-abc-radio-774/
/events/event/leslie-and-catherine-deveny-talk-atheism-and-the-media,/leslie-and-catherine-deveny-talk-atheism-and-the-media/
/events/event/leslie-talks-with-abc-nsw-statewide-about-foul-language-bad-behaviour,/leslie-talks-with-abc-nsw-statewide-about-foul-language-bad-behaviour/
/events/event/leslie-talks-virginity-on-7pm-project,/leslie-talks-virginity-on-7pm-project/
/events/event/leslie-to-launch-nus-abbotts-heaven-your-hell-campaign,/leslie-to-launch-nus-abbotts-heaven-your-hell-campaign/
/events/event/what-difference-will-julia-gillard-make-for-women,/what-difference-will-julia-gillard-make-for-women/
/events/event/leslie-to-chat-with-libbi-gorr-about-the-church-the-cops-and-why-absolute-power-corrupts,/leslie-to-chat-with-libbi-gorr-about-the-church-the-cops-and-why-absolute-power-corrupts/
/events/event/leslie-teaching-in-writing-for-readers-program-at-university-of-melbourne,/leslie-teaching-in-writing-for-readers-program-at-university-of-melbourne/
/events/event/help-leslie-win-science-gong,/help-leslie-win-science-gong/
/events/event/leslie-karen-pickering-and-monica-dux-discuss-greer-the-female-eunich-forty-years-on,/leslie-karen-pickering-and-monica-dux-discuss-greer-the-female-eunich-forty-years-on/
/events/event/leslie-barbara-pocock-richard-denniss-and-the-greens-candidate-adam-bandt-discuss-the-work-life-crisis,/leslie-barbara-pocock-richard-denniss-and-the-greens-candidate-adam-bandt-discuss-the-work-life-crisis/
/events/event/leslie-to-launch-sex-lies-and-pharmaceuticals-in-melbourne,/leslie-to-launch-sex-lies-and-pharmaceuticals-in-melbourne/
/events/event/join-leslie-for-a-panel-discussion-of-visionary-education-ethics-sustainability-and-inspiration,/join-leslie-for-a-panel-discussion-of-visionary-education-ethics-sustainability-and-inspiration/
/events/event/leslie-returns-to-the-hot-seat-on-abc-tvs-q-a,/leslie-returns-to-the-hot-seat-on-abc-tvs-q-a/
/events/event/leslie-discusses-the-pros-and-cons-of-prescribing-infant-formula-with-madcowsdiary,/leslie-discusses-the-pros-and-cons-of-prescribing-infant-formula-with-madcowsdiary/
/events/event/leslie-returns-to-the-circle-to-talk-about-that-qld-case-womens-abortion-rights,/leslie-returns-to-the-circle-to-talk-about-that-qld-case-womens-abortion-rights/
/events/event/leslie-talks-abortion-the-universe-everything-on-89-7fm-sydney,/leslie-talks-abortion-the-universe-everything-on-89-7fm-sydney/
/events/event/leslie-leads-discussion-about-a-solitary-choice,/leslie-leads-discussion-about-a-solitary-choice/
/events/event/good-and-bad-religion,/good-and-bad-religion/
/events/event/pamela-denoon-lecture,/pamela-denoon-lecture/
/events/event/the-problem-with-feminists-at-the-wheeler-centre,/the-problem-with-feminists-at-the-wheeler-centre/
/events/event/inaugural-bellingen-readers-and-writers-festival,/inaugural-bellingen-readers-and-writers-festival/
/events/event/book-of-rachael-discussion-at-readings,/book-of-rachael-discussion-at-readings/
/events/event/the-bono-wiener-lecture,/the-bono-wiener-lecture/
/events/event/leslies-public-lecture-ethics-moral-conscience-medicine-at-newington-college,/leslies-public-lecture-ethics-moral-conscience-medicine-at-newington-college/
/events/event/keynote-for-monash-university-civil-celebrants,/keynote-for-monash-university-civil-celebrants/
/events/event/charlie-pickering-launches-book-of-rachael-at-eurotrash,/charlie-pickering-launches-book-of-rachael-at-eurotrash/
/events/event/leslie-talks-to-the-friends-of-emerald-hill,/leslie-talks-to-the-friends-of-emerald-hill/
/events/event/catch-leslie-at-this-year-s-sydney-writer-s-festival,/catch-leslie-at-this-year-s-sydney-writer-s-festival/
/events/event/andrew-bolt-gagging-for-freedom-talking-point-at-wheeler-centre,/andrew-bolt-gagging-for-freedom-talking-point-at-wheeler-centre/
/events/event/women-of-letters-dear-mum-i-never-told-you,/women-of-letters-dear-mum-i-never-told-you/
/events/event/meet-leslie-cannold-at-brisbane-s-avid-reader-bookshop,/meet-leslie-cannold-at-brisbane-s-avid-reader-bookshop/
/events/event/keynote-address-vice-chancellors-excellence-awards,/keynote-address-vice-chancellors-excellence-awards/
/events/event/meet-leslie-at-my-bookstore-by-corrie-perkin,/meet-leslie-at-my-bookstore-by-corrie-perkin/
/events/event/q-a-with-author-leslie-cannold-in-williamstown,/q-a-with-author-leslie-cannold-in-williamstown/
/events/event/catch-leslie-ita-buttrose-at-noosa,/catch-leslie-ita-buttrose-at-noosa/
/events/event/leslie-1st-name-released-for-brisbane-writer-s-festival,/leslie-1st-name-released-for-brisbane-writer-s-festival/
/events/event/slutwalk,/slutwalk/
/events/event/powerful-passionate-and-eloquent,/powerful-passionate-and-eloquent/
/events/event/the-great-debate-has-feminism-failed,/the-great-debate-has-feminism-failed/
/events/event/grab-your-reason-head-down-to-embiggen-books-in-melbourne,/grab-your-reason-head-down-to-embiggen-books-in-melbourne/
/events/event/last-tuesday-bookclub-at-sunflower-bookshop,/last-tuesday-bookclub-at-sunflower-bookshop/
/events/event/juanita-neilson-memorial-lecture-2011,/juanita-neilson-memorial-lecture-2011/
/events/event/q-a-the-jewish-way,/q-a-the-jewish-way/
/events/event/leslie-at-the-byron-bay-writer-s-festival,/leslie-at-the-byron-bay-writer-s-festival/
/events/event/leslie-heads-to-brisbane-for-the-writer-s-festival,/leslie-heads-to-brisbane-for-the-writer-s-festival/
/events/event/leslie-takes-to-the-stage-at-the-melbourne-writer-s-festival,/leslie-takes-to-the-stage-at-the-melbourne-writer-s-festival/
/events/event/women-in-front-at-the-hume-city-council,/women-in-front-at-the-hume-city-council/
/events/event/leslie-joins-barry-cassidy-senators-mark-arbib-mitch-fifield-for-nesa-annual-conference,/leslie-joins-barry-cassidy-senators-mark-arbib-mitch-fifield-for-nesa-annual-conference/
/events/event/the-courage-to-make-history-transforming-the-law-on-abortion-in-australia,/the-courage-to-make-history-transforming-the-law-on-abortion-in-australia/
/events/event/mornington-welcomes-rachael,/mornington-welcomes-rachael/
/events/event/the-voice-of-women-in-future-decision-making,/the-voice-of-women-in-future-decision-making/
/events/event/education-for-an-ethical-society-at-aate-national-conference,/education-for-an-ethical-society-at-aate-national-conference/
/events/event/melbourne-jewish-book-festival,/melbourne-jewish-book-festival/
/events/event/the-book-of-rachael-at-st-michael-s,/the-book-of-rachael-at-st-michael-s/
/events/event/moonee-ponds-welcomes-leslie-rachael,/moonee-ponds-welcomes-leslie-rachael/
/events/event/are-all-abortions-justified-leslie-speaks-to-young-women-at-mlc,/are-all-abortions-justified-leslie-speaks-to-young-women-at-mlc/
/events/event/writing-for-twitter-leslie-talks-to-year-9-s-at-mhs,/writing-for-twitter-leslie-talks-to-year-9-s-at-mhs/
/events/event/words-that-shape-us-leslie-at-melbourne-girls-grammar,/words-that-shape-us-leslie-at-melbourne-girls-grammar/
/events/event/the-role-of-geoffrey-robertson-will-be-played-by-leslie,/the-role-of-geoffrey-robertson-will-be-played-by-leslie/
/events/event/leslie-joins-dawkins-singer-hirsi-ali-at-2012-global-atheist-conference,/leslie-joins-dawkins-singer-hirsi-ali-at-2012-global-atheist-conference/
/events/event/susan-mitchell-and-leslie-talk-tony-abbott,/susan-mitchell-and-leslie-talk-tony-abbott/
/events/event/50th-anniversary-of-the-pill-an-incomplete-revolution,/50th-anniversary-of-the-pill-an-incomplete-revolution/
/events/event/dinner-then-q-a-on-a-very-jewish-christmas-story-in-essendon,/dinner-then-q-a-on-a-very-jewish-christmas-story-in-essendon/
/events/event/gender-equity-in-the-workplace,/gender-equity-in-the-workplace/
/events/event/leslie-s-off-to-the-perth-writer-s-festival,/leslie-s-off-to-the-perth-writer-s-festival/
/events/event/back-to-the-future-at-the-lgpro-state-conference,/back-to-the-future-at-the-lgpro-state-conference/
/events/event/brimbank-city-council-business-breakfast,/brimbank-city-council-business-breakfast/
/events/event/re-imaging-australian-values-leslie-and-michael-kirby-at-uni-melb,/re-imaging-australian-values-leslie-and-michael-kirby-at-uni-melb/
/events/event/leslie-presents-at-the-melbourne-free-university-at-city-square,/leslie-presents-at-the-melbourne-free-university-at-city-square/
/events/event/leslie-s-off-to-the-biennial-sydney-jewish-writer-s-festival,/leslie-s-off-to-the-biennial-sydney-jewish-writer-s-festival/
/events/event/on-the-road-to-mildura-with-the-wheeler-centre,/on-the-road-to-mildura-with-the-wheeler-centre/
/events/event/leslie-at-monash-uni-for-iwd,/leslie-at-monash-uni-for-iwd/
/events/event/having-it-all-without-doing-it-all-oz-women-s-leadership-conference,/having-it-all-without-doing-it-all-oz-women-s-leadership-conference/
/events/event/leslie-joins-premier-baillieu-at-launch-of-jewish-library,/leslie-joins-premier-baillieu-at-launch-of-jewish-library/
/events/event/leslie-does-keynote-1st-national-sexual-reproductive-health-conference,/leslie-does-keynote-1st-national-sexual-reproductive-health-conference/
/events/event/leslie-to-help-nsw-taxi-council-manage-the-media,/leslie-to-help-nsw-taxi-council-manage-the-media/
/events/event/leslie-gives-keynote-and-facilitates-action-session-for-tefma,/leslie-gives-keynote-and-facilitates-action-session-for-tefma/
/events/event/atheists-and-the-interfaith-movement-preferable-possible,/atheists-and-the-interfaith-movement-preferable-possible/
/events/event/leslie-s-mudgee-bound-for-the-reader-s-festival,/leslie-s-mudgee-bound-for-the-reader-s-festival/
/events/event/drug-use-happens-leslie-moderates-stories-of-drugs-alcohol,/drug-use-happens-leslie-moderates-stories-of-drugs-alcohol/
/events/event/leslie-to-mc-the-lord-mayor-s-commendations-ceremony,/leslie-to-mc-the-lord-mayor-s-commendations-ceremony/
/events/event/the-business-of-being-a-writer,/the-business-of-being-a-writer/
/events/event/ethical-considerations-for-school-principals-with-leslie,/ethical-considerations-for-school-principals-with-leslie/
/events/event/leslie-lunches-with-the-u3a,/leslie-lunches-with-the-u3a/
/events/event/leslie-to-join-lyn-alison-in-honouring-ron-williams1,/leslie-to-join-lyn-alison-in-honouring-ron-williams1/
/events/event/leslie-tweets-lateline,/leslie-tweets-lateline/
/events/event/leslie-tweets-the-family-planning-summit-via-london,/leslie-tweets-the-family-planning-summit-via-london/
/events/event/nurturing-rising-academic-talent-at-james-cook,/nurturing-rising-academic-talent-at-james-cook/
/events/event/leslie-joins-the-hell-house-panel-on-morality,/leslie-joins-the-hell-house-panel-on-morality/
/events/event/leslie-interviews-the-most-hated-woman-in-lebanon-joumana-haddad,/leslie-interviews-the-most-hated-woman-in-lebanon-joumana-haddad/
/events/event/leslie-presents-to-the-boys-and-teachers-at-scotch-college,/leslie-presents-to-the-boys-and-teachers-at-scotch-college/
/events/event/leslie-s-speech-on-ethical-leadership-learn-it-live-it,/leslie-s-speech-on-ethical-leadership-learn-it-live-it/
/events/event/speedy-fish-plays-the-elwood-lounge,/speedy-fish-plays-the-elwood-lounge/
/events/event/encore-for-speedy-fish-the-elwood-lounge,/encore-for-speedy-fish-the-elwood-lounge/
/events/event/leslie-interviews-jeff-sparrow-author-of-money-shot,/leslie-interviews-jeff-sparrow-author-of-money-shot/
/events/event/leslie-launches-damon-young-s-philosophy-in-the-garden,/leslie-launches-damon-young-s-philosophy-in-the-garden/
/events/event/leslie-to-join-war-on-women-panel-briefing-for-federal-mps,/leslie-to-join-war-on-women-panel-briefing-for-federal-mps/
/events/event/three-decades-of-the-aids-pandemic-the-beginning-of-the-end,/three-decades-of-the-aids-pandemic-the-beginning-of-the-end/
/events/event/leadership-conversations-dept-of-transport,/leadership-conversations-dept-of-transport/
/events/event/panel-facilitation-child-aware-conference-department-of-fahscia,/panel-facilitation-child-aware-conference-department-of-fahscia/
/events/event/need-a-god-shaped-lesson-from-the-school-of-life,/need-a-god-shaped-lesson-from-the-school-of-life/
/events/event/women-in-leadership-why-balance-resilience-integrity-are-key,/women-in-leadership-why-balance-resilience-integrity-are-key/
/events/event/speedy-fish-returns-to-the-elwood-lounge-for-x-mas,/speedy-fish-returns-to-the-elwood-lounge-for-x-mas/
/events/event/speedy-fish-at-the-elwood-lounge,/speedy-fish-at-the-elwood-lounge/
/events/event/balancing-work-with-life-the-school-of-life,/balancing-work-with-life-the-school-of-life/
/events/event/learn-how-to-make-a-difference-the-school-of-life,/learn-how-to-make-a-difference-the-school-of-life/
/events/event/the-ndis-on-iwd-at-the-racv-for-carer-s-victoria,/the-ndis-on-iwd-at-the-racv-for-carer-s-victoria/
/events/event/leadership-and-health,/leadership-and-health/
/events/event/is-it-right-to-judge-is-it-even-helpful,/is-it-right-to-judge-is-it-even-helpful/
/events/event/leslie-debuts-in-the-vagina-monologues,/leslie-debuts-in-the-vagina-monologues/
/events/event/city-of-boroondara-writer-s-wisdom-international-women-s-day,/city-of-boroondara-writer-s-wisdom-international-women-s-day/
/events/event/nrma-leaders-forum,/nrma-leaders-forum/
/events/event/to-think-love-sleep-well-one-must-dine-well-leslie-hosts-tsol-closing-feast,/to-think-love-sleep-well-one-must-dine-well-leslie-hosts-tsol-closing-feast/
/events/event/is-it-treason-to-have-the-wrong-reason-a-convo-about-personal-political-ethics,/is-it-treason-to-have-the-wrong-reason-a-convo-about-personal-political-ethics/
/events/event/leslie-to-give-sir-john-monash-lecture,/leslie-to-give-sir-john-monash-lecture/
/events/event/religion-sex-in-australia-leslie-does-the-sofia-conference-keynote,/religion-sex-in-australia-leslie-does-the-sofia-conference-keynote/
/events/event/leslie-offers-school-psychologists-insight-into-moral-panics-digital-natives,/leslie-offers-school-psychologists-insight-into-moral-panics-digital-natives/
/events/event/leslie-speaks-on-family-violence-the-power-of-women,/leslie-speaks-on-family-violence-the-power-of-women/
/events/event/leslie-illicit-drugs-and-the-harm-minimisation-debate,/leslie-illicit-drugs-and-the-harm-minimisation-debate/
/events/event/leslie-chats-with-david-williamson-about-his-new-mtc-play-rupert,/leslie-chats-with-david-williamson-about-his-new-mtc-play-rupert/
/events/event/leslie-talks-media-ethics-at-the-melbourne-free-university,/leslie-talks-media-ethics-at-the-melbourne-free-university/
/events/event/ethics-the-networked-4th-estate-leslie-s-class-at-mfu,/ethics-the-networked-4th-estate-leslie-s-class-at-mfu/
/events/event/leslie-judges-asher-awards,/leslie-judges-asher-awards/
/events/event/dilemma-leading-complex-change-in-the-health-system,/dilemma-leading-complex-change-in-the-health-system/
/events/event/leslie-guest-tweets-melbourne-conversations,/leslie-guest-tweets-melbourne-conversations/
/events/event/fetal-personhood-laws-women-s-reproductive-rights,/fetal-personhood-laws-women-s-reproductive-rights/
/events/event/can-art-politics-be-separated-stella-young-leslie-lock-horns,/can-art-politics-be-separated-stella-young-leslie-lock-horns/
/events/event/leslie-leads-discussion-of-truth-fiction-the-book-of-rachael,/leslie-leads-discussion-of-truth-fiction-the-book-of-rachael/
/events/event/transform-or-get-tuf-the-educational-challenge-of-the-mobile-generation,/transform-or-get-tuf-the-educational-challenge-of-the-mobile-generation/
/events/event/leslie-facilitates-what-does-a-creative-city-looks-like,/leslie-facilitates-what-does-a-creative-city-looks-like/
/events/event/what-is-your-vision-for-a-creative-city-leslie-leads-public-consultation,/what-is-your-vision-for-a-creative-city-leslie-leads-public-consultation/
/events/event/blue-sky-with-local-govt,/blue-sky-with-local-govt/
/events/event/leslie-to-provide-professional-learning-for-act-school-psychologists,/leslie-to-provide-professional-learning-for-act-school-psychologists/
/events/event/test,/test/
/events/event/leslie-returns-to-the-school-of-life,/leslie-returns-to-the-school-of-life/
/events/event/leslie-talks-refugees-at-st-michael-s-on-collins,/leslie-talks-refugees-at-st-michael-s-on-collins/
/events/event/future-gazing-at-atkearney-conference,/future-gazing-at-atkearney-conference/
/events/event/leslie-talks-gender-science-at-bendigo-writer-s-festival,/leslie-talks-gender-science-at-bendigo-writer-s-festival/
/events/event/leslie-talks-business-ethics-to-school-managers-administrators,/leslie-talks-business-ethics-to-school-managers-administrators/
/events/event/leslie-gives-keynote-to-emergency-psychiatry-symposium,/leslie-gives-keynote-to-emergency-psychiatry-symposium/
/events/event/leslie-takes-the-mic-at-northeast-health-wangaratta-excellence-awards-night,/leslie-takes-the-mic-at-northeast-health-wangaratta-excellence-awards-night/
/events/event/leslie-explains-how-to-have-it-all-without-doing-it-all-northcote-library,/leslie-explains-how-to-have-it-all-without-doing-it-all-northcote-library/
/events/event/women-leadership-john-brack-s-collins-street-5pm,/women-leadership-john-brack-s-collins-street-5pm/
/events/event/in-honour-of-the-women-i-have-learned-from-at-uni-melbourne,/in-honour-of-the-women-i-have-learned-from-at-uni-melbourne/
/events/event/women-s-agenda-at-aids2014-in-melbourne,/women-s-agenda-at-aids2014-in-melbourne/
/events/event/hiv-stories-on-the-way-to-a-cure,/hiv-stories-on-the-way-to-a-cure/
/events/event/leslie-gives-keynote-for-municipal-association-of-victoria-s-weekend,/leslie-gives-keynote-for-municipal-association-of-victoria-s-weekend/
/events/event/leslie-joins-father-bob-at-bayside-medicare-local,/leslie-joins-father-bob-at-bayside-medicare-local/
/events/event/leslie-addresses-the-inaugural-nurses-midwifery-conference,/leslie-addresses-the-inaugural-nurses-midwifery-conference/
/events/event/leslie-talks-about-ethical-leadership-at-nosssal-high,/leslie-talks-about-ethical-leadership-at-nosssal-high/
/events/event/cultivating-naivety-other-secrets-of-inspirational-leadership,/cultivating-naivety-other-secrets-of-inspirational-leadership/
/events/event/keynote-transcending-the-challenges-to-idealism,/keynote-transcending-the-challenges-to-idealism/
/events/event/leslie-does-dawkins-in-sydney-melbourne-and-brisbane,/leslie-does-dawkins-in-sydney-melbourne-and-brisbane/
/events/event/leslie-talks-ethical-leadership-to-the-victorian-ceos-summit,/leslie-talks-ethical-leadership-to-the-victorian-ceos-summit/
/events/event/leslie-in-conversation-with-peter-singer,/leslie-in-conversation-with-peter-singer/
/events/event/gender-power-marginalisation-leslie-s-keynote-for-oz-youth-aod-conference,/gender-power-marginalisation-leslie-s-keynote-for-oz-youth-aod-conference/
/events/event/ethics-for-financial-planners-leslie-s-keynote-for-lonsdale-financial-group-ioof,/ethics-for-financial-planners-leslie-s-keynote-for-lonsdale-financial-group-ioof/
/events/event/women-of-the-roundtable-discuss-gynaecological-cancer,/women-of-the-roundtable-discuss-gynaecological-cancer/
/events/event/how-to-live-better-everyday-leslie-at-inaugural-tsol-live-event,/how-to-live-better-everyday-leslie-at-inaugural-tsol-live-event/
/events/event/leslie-to-interview-quiet-inquisition-film-maker-alessandra-zeka,/leslie-to-interview-quiet-inquisition-film-maker-alessandra-zeka/
/events/event/exposing-others-in-your-memoir-what-s-right-and-wrong,/exposing-others-in-your-memoir-what-s-right-and-wrong/
/events/event/leslie-support-secondary-teachers-to-support-digital-native-teens,/leslie-support-secondary-teachers-to-support-digital-native-teens/
/events/event/leslie-interviews-kylie-alan-trounson-at-melb-convo-mtc-event,/leslie-interviews-kylie-alan-trounson-at-melb-convo-mtc-event/
/events/event/reproductive-rights-on-the-agenda-for-melbourne-s-young-doctors,/reproductive-rights-on-the-agenda-for-melbourne-s-young-doctors/
/events/event/when-systems-and-patients-collide-leslie-does-ethics-in-regional-victoria,/when-systems-and-patients-collide-leslie-does-ethics-in-regional-victoria/
/events/event/in-the-media-violence-against-women,/in-the-media-violence-against-women/
/events/event/australian-medical-students-association-national-leadership-development-program,/australian-medical-students-association-national-leadership-development-program/
/events/event/leslie-in-conversation-with-random-house-author-leah-kaminsky,/leslie-in-conversation-with-random-house-author-leah-kaminsky/
/events/event/leslie-hosts-zero-gender-divide,/leslie-hosts-zero-gender-divide/
/events/event/after-russell-brand-making-democracy-work-better-for-you,/after-russell-brand-making-democracy-work-better-for-you/
/events/event/elizabeth-gower-s-exhibition-he-loves-me-he-loves-me-not-at-rmit-gallery,/elizabeth-gower-s-exhibition-he-loves-me-he-loves-me-not-at-rmit-gallery/
/events/event/stories-of-prejudice-pride-leslie-iwd-in-shepparton,/stories-of-prejudice-pride-leslie-iwd-in-shepparton/
/events/event/sydney-international-women-s-poetry-art-festival-2016,/sydney-international-women-s-poetry-art-festival-2016/
/events/event/leslie-flown-to-copenhagen-for-the-4th-global-women-deliver-conference,/leslie-flown-to-copenhagen-for-the-4th-global-women-deliver-conference/
/events/event/leslie-gives-ethics-keynote-to-victorian-water-association-finance-conference,/leslie-gives-ethics-keynote-to-victorian-water-association-finance-conference/
/events/event/seeking-approval-panel-cannold-das-gower-and-tyler-at-rmit-gallery,/seeking-approval-panel-cannold-das-gower-and-tyler-at-rmit-gallery/
/events/event/leslie-s-philosophy-salon-at-the-school-of-life-virginia-woolf,/leslie-s-philosophy-salon-at-the-school-of-life-virginia-woolf/
/events/event/leslie-gives-keynote-to-victorian-water-industry-association,/leslie-gives-keynote-to-victorian-water-industry-association/
/events/event/iq2-debate-at-sydney-city-recital-hall-should-animal-rights-trump-human-interests,/iq2-debate-at-sydney-city-recital-hall-should-animal-rights-trump-human-interests/
/events/event/what-can-philosophers-learn-from-science-communicators,/what-can-philosophers-learn-from-science-communicators/
/events/event/abortion-politics-in-the-21st-century,/abortion-politics-in-the-21st-century/
/events/event/advanced-care-directives-what-nurses-midwives-need-to-know,/advanced-care-directives-what-nurses-midwives-need-to-know/
/events/event/leslie-gives-keynote-women-s-health-east-agm,/leslie-gives-keynote-women-s-health-east-agm/
/events/event/the-secrets-of-great-female-leadership-revealed,/the-secrets-of-great-female-leadership-revealed/
/events/event/capacity-building-for-abortion-rights-activists,/capacity-building-for-abortion-rights-activists/
/events/event/iwd-breakfast-event-shepparton,/iwd-breakfast-event-shepparton/
/events/event/keynote-for-calvary-st-vincent-s-hospital-in-launceston,/keynote-for-calvary-st-vincent-s-hospital-in-launceston/
/events/event/building-an-ethical-foundation-for-the-financial-services-industry,/building-an-ethical-foundation-for-the-financial-services-industry/
/events/event/leslie-presents-the-city-of-melbourne-s-iwd-panel-stories-of-bold-change,/leslie-presents-the-city-of-melbourne-s-iwd-panel-stories-of-bold-change/